,0
 ,1
‡∏Ñ‡∏ô,2
‡∏ó‡∏≥,3
‡∏ï‡∏ö,4
‡∏î‡∏π,5
‡∏´‡∏£‡∏≠,6
‡∏≠‡∏µ,7
‡∏ï‡∏±‡∏ß‡πÄ‡∏≠‡∏á,8
‡πÅ‡∏ö‡∏ö‡∏ô‡∏µ‡πâ,9
‡∏î‡∏µ,10
‡πÄ‡∏£‡∏∑‡πà‡∏≠‡∏á,11
‡∏≠‡∏¢‡πà‡∏≤,12
‡∏≠‡πà‡∏∞,13
‡πÄ‡∏î‡πá‡∏Å,14
‡∏ä‡∏≠‡∏ö,15
‚Äã,16
‡∏ô‡∏∞‡∏Ñ‡∏∞,17
‡∏î‡πà‡∏≤,18
‡πÄ‡∏à‡∏≠,19
‡∏£‡∏π‡πâ,20
‡∏≠‡∏∞,21
‡πÄ‡∏´‡∏°‡∏∑‡∏≠‡∏ô,22
‡πÅ‡∏°‡πà,23
#,24
‡∏ô‡πâ‡∏≠‡∏á,25
‡∏û‡∏µ‡πà,26
‡πÑ‡∏´‡∏°,27
‡∏´‡∏ô‡πâ‡∏≤,28
‡∏™‡∏¥,29
‡∏ï‡∏≤‡∏¢,30
‡πÄ‡∏Ñ‡πâ‡∏≤,31
‡πÇ‡∏á‡πà,32
‡∏Ñ‡∏£‡∏π,33
‡∏ú‡∏°,34
‡∏ú‡∏π‡πâ‡∏´‡∏ç‡∏¥‡∏á,35
‡∏Ñ‡∏ô‡∏≠‡∏∑‡πà‡∏ô,36
‡πÇ‡∏î‡∏ô,37
‡∏á‡∏á,38
‡πÄ‡∏´‡∏µ‡πâ‡∏¢,39
‡∏™‡∏°‡∏≠‡∏á,40
‡πÄ‡∏Å‡πà‡∏á,41
‡∏Ñ‡∏ß‡∏≤‡∏¢,42
‡πÄ‡∏û‡∏∑‡πà‡∏≠‡∏ô,43
‡πÄ‡∏•‡πà‡∏ô,44
‡∏ö‡πâ‡∏≤‡∏ô,45
‡∏Ç‡∏ô‡∏≤‡∏î,46
‡∏≠‡∏≠‡∏Å‡∏°‡∏≤,47
‡∏ú‡∏π‡πâ‡∏ä‡∏≤‡∏¢,48
‡∏á,49
"""",50
‡∏Å‡∏¥‡∏ô,51
‡∏ï‡∏±‡∏ß,52
‡∏´‡∏£‡∏≠‡∏Å,53
‡πÄ‡∏´‡∏¢‡∏µ‡∏¢‡∏î,54
‡∏ï‡πà‡∏≠‡∏¢,55
‡πÑ‡∏°‡πà‡∏ï‡πâ‡∏≠‡∏á,56
?,57
!,58
‡∏£‡∏≠,59
‡πÄ‡∏û‡∏•‡∏á,60
‡πÅ‡∏ü‡∏ô,61
‡∏â‡∏≠‡∏î,62
‡∏™‡∏±‡∏ï‡∏ß‡πå,63
‡∏≠‡πà‡∏≤‡∏ô,64
‡∏™‡∏ß‡∏¢,65
‡∏ñ‡∏≤‡∏°,66
‡∏™‡∏∑‡πà‡∏≠,67
‡πÅ‡∏ô‡πà,68
‡πÄ‡∏£‡∏µ‡∏¢‡∏ô,69
‡πÑ‡∏≠,70
‡∏ü‡∏±‡∏á,71
‡∏£‡∏±‡∏Å,72
‡πÅ‡∏î‡∏Å,73
‡∏õ‡∏≤‡∏Å,74
‡∏õ‡πà‡∏≤‡∏ß,75
‡πÄ‡∏´‡∏£‡∏≠,76
‡∏õ‡∏£‡∏∞‡πÄ‡∏ó‡∏®,77
‡πÄ‡∏ß‡∏•‡∏≤,78
‡∏ö‡∏≤‡∏á‡∏Ñ‡∏ô,79
‡∏•‡∏π‡∏Å,80
‡πÉ‡∏™‡πà,81
‡∏ö‡∏≠,82
‡∏ï‡∏≠‡∏ô,83
...,84
‡∏•‡πà‡∏∞,85
‡∏ó‡∏ß‡∏¥,86
‡∏ï,87
‡∏Ñ‡∏ß‡∏≤‡∏°‡∏Ñ‡∏¥‡∏î,88
..,89
‡∏£‡∏π‡πâ‡∏™‡∏∂‡∏Å,90
‡∏≠‡∏≤‡∏à‡∏≤‡∏£‡∏¢‡πå,91
  ,92
‡∏™‡∏•‡∏¥‡πà‡∏°,93
‡∏ï‡∏≠‡∏ô‡∏ô‡∏µ‡πâ,94
‡πÄ‡∏ú‡∏≤,95
‡∏ô‡πà‡∏≤‡∏£‡∏±‡∏Å,96
‡∏Å‡∏Å,97
‡πÑ‡∏ó‡∏¢,98
‡∏ô‡∏≤‡∏¢‡∏Å,99
‡πÄ‡∏à‡πâ‡∏≤,100
!!,101
‡πÄ‡∏•‡∏¥‡∏Å,102
‡∏™‡∏±‡∏á‡∏Ñ‡∏°,103
‡πÄ‡∏î‡∏µ‡πã‡∏¢‡∏ß,104
‚Äù,105
‡πÉ‡∏à,106
‡πÄ,107
‡∏õ‡∏£‡∏∞‡∏à‡∏≤‡∏ô,108
‡∏ï‡∏µ,109
‡∏´‡∏¢‡∏∏‡∏î,110
‡∏´‡∏≤,111
‡∏á‡∏≤‡∏ô,112
‡∏≠‡∏¥,113
‡∏ó‡∏≥‡∏ï‡∏±‡∏ß,114
‡πÇ‡∏ó‡∏©,115
‡πÅ‡∏¢‡πà,116
‡∏™‡∏≠‡∏ô,117
.,118
‡∏Å‡∏•‡∏±‡∏ö‡∏°‡∏≤,119
‡πÄ‡∏Å‡∏•‡∏µ‡∏¢‡∏î,120
‡∏û‡πà‡∏≠,121
‡∏ô‡∏±‡πà‡∏á,122
‡πÄ‡∏´‡∏°‡∏∑‡∏≠‡∏ô‡∏Å‡∏±‡∏ô,123
‡∏õ‡πà‡∏∞,124
‡πÄ‡∏ô‡∏≠‡∏∞,125
‡πÇ‡∏•‡∏Å,126
‡∏ó‡∏≥‡πÄ‡∏õ‡πá‡∏ô,127
‡∏≠‡∏ß‡∏î,128
‡∏õ‡∏Å‡∏ï‡∏¥,129
‡∏õ‡∏£‡∏∞‡∏ä‡∏≤‡∏ä‡∏ô,130
‡πÅ‡∏¢‡∏Å‡πÅ‡∏¢‡∏∞,131
‡∏≠‡∏≤‡∏°‡πà‡∏≤,132
‡∏ô‡∏∂‡∏á,133
‡∏Å‡∏•‡∏±‡∏ß,134
‡∏Å‡πâ,135
‡∏™‡∏±‡∏Å,136
‡∏ú‡∏±‡∏ß,137
‡πÄ‡∏î‡∏¥‡∏ô,138
‡∏Ñ‡∏∏‡∏¢,139
!!!,140
‡∏£‡∏π‡∏õ,141
‡πÑ‡∏´‡∏ß,142
‡∏£‡∏π‡πâ‡∏à‡∏±‡∏Å,143
‡∏ä‡πà‡∏≠‡∏á,144
‡∏î‡∏µ‡∏Å‡∏ß‡πà‡∏≤,145
‡∏õ‡∏•‡πà‡∏≠‡∏¢,146
‡∏ó‡∏≥‡∏á‡∏≤‡∏ô,147
‡∏ó‡∏µ‡πà‡∏à‡∏∞,148
‡∏Ñ‡∏ô‡πÄ‡∏î‡∏µ‡∏¢‡∏ß,149
‡∏â‡∏•‡∏≤‡∏î,150
‡∏™‡∏ô‡πÉ‡∏à,151
‡∏ä‡∏µ‡∏ß‡∏¥‡∏ï,152
‡πÅ‡∏•‡πâ‡∏ß‡∏Å‡πá,153
‡∏ß‡∏∞,154
‡∏à‡∏ö,155
‡∏Å‡∏•‡πâ‡∏≤,156
‡∏´‡∏ô‡∏π,157
‡∏•‡∏≠‡∏á,158
‡∏•‡∏∑‡∏°,159
‡∏û‡πà‡∏≠‡πÅ‡∏°‡πà,160
‡∏ô‡∏¥‡∏™‡∏±‡∏¢,161
‡πÅ‡∏â,162
‡πÇ‡∏£‡∏á‡πÄ‡∏£‡∏µ‡∏¢‡∏ô,163
‡∏ó‡∏≥‡πÑ‡∏î‡πâ,164
‡∏õ‡πà‡∏ß‡∏¢,165
‡πÄ‡∏´‡∏≠‡∏∞,166
‡∏Ç‡∏≠‡πÇ‡∏ó‡∏©,167
‡∏Ç‡∏≠‡∏ö‡∏Ñ‡∏∏‡∏ì,168
‡∏ä‡∏¥‡∏ö‡∏´‡∏≤‡∏¢,169
‡∏≠‡∏≠,170
‡∏ï‡∏¥‡∏î,171
‡∏Ñ‡∏£‡∏≠‡∏ö‡∏Ñ‡∏£‡∏±‡∏ß,172
‡πÄ‡∏Ç‡πâ‡∏≤‡∏°‡∏≤,173
‡πÄ‡∏Å‡∏°,174
‡∏Ñ‡∏π‡πà,175
‡∏õ‡∏•‡∏≠‡∏°,176
‡πÅ‡∏ï‡πà‡∏á,177
‡∏•‡∏∏‡∏á,178
‡∏´‡∏±‡∏ß,179
‡∏Ç‡∏µ‡πâ,180
‡∏Ñ‡∏•‡∏¥‡∏õ,181
‡∏Ñ,182
‡πÅ‡∏ó‡πá‡∏Å,183
‡∏™‡∏±‡∏ô‡∏î‡∏≤‡∏ô,184
‡πÇ‡∏Å‡∏á,185
‡∏ã‡∏∑‡πâ‡∏≠,186
‡∏õ‡∏µ,187
‡∏•‡∏µ‡πà,188
‡∏Å‡∏∞,189
‡∏™‡∏π‡πâ,190
‡∏û‡∏£‡∏∏‡πà‡∏á‡∏ô‡∏µ‡πâ,191
‡∏°‡∏≤‡∏£‡∏¢‡∏≤‡∏ó,192
‡∏ß‡πà‡∏∞,193
‡∏£‡∏Å‡πÇ‡∏•‡∏Å,194
‡∏õ,195
‡∏Ç‡πà‡∏≤‡∏ß,196
‡πÄ‡∏á‡∏¥‡∏ô,197
‡πÇ‡∏Ñ‡∏ï‡∏£,198
‡πÄ‡∏Ç‡πâ‡∏≤‡πÑ‡∏õ,199
‡∏ô‡∏±‡∏Å‡πÄ‡∏£‡∏µ‡∏¢‡∏ô,200
‡∏î‡∏≥,201
‡∏™‡∏±‡πà‡∏á,202
‡∏¢,203
‡∏ó‡πà‡∏≤‡∏ô,204
‡∏Å‡∏∏,205
‚Äú,206
‡πÅ‡∏ó‡∏ô,207
‡∏≠‡πâ‡∏ß‡∏ô,208
‡∏ô,209
‡∏õ‡πâ‡∏≤,210
‡∏õ‡∏∞,211
-,212
‡∏ä‡∏∏‡∏î,213
",",214
‡∏ï‡∏µ‡∏ô,215
‡πÑ‡∏£‡πâ,216
‡∏´‡∏°‡∏≠,217
5555,218
‡πÄ‡∏™‡∏µ‡∏¢‡∏á,219
‡∏™‡∏≥‡∏´‡∏£‡∏±‡∏ö,220
‡πÅ‡∏£‡∏á,221
‡πÄ‡πÄ‡∏•‡πâ‡∏ß,222
‡∏£‡∏µ,223
‡πÅ‡∏ñ‡∏°,224
‡∏ä,225
‡πÄ‡∏™‡∏∑‡∏≠‡∏Å,226
‡∏ï‡∏•‡∏Å,227
‡πÄ‡∏ï,228
‡∏ö‡∏ó,229
‡∏Ñ‡∏¥‡∏î‡∏ñ‡∏∂‡∏á,230
‡∏Ñ‡∏ô‡∏£‡πâ‡∏≤‡∏¢,231
‡∏™,232
‡∏£‡∏±‡∏ê‡∏ö‡∏≤‡∏•,233
‡∏°‡∏∏,234
‡∏£‡πâ‡∏≤‡∏ô,235
1,236
‡∏≠‡∏±‡∏ô‡∏ô‡∏µ‡πâ,237
‡∏Ç‡∏≤‡∏¢,238
‡πÄ‡∏•‡∏∑‡∏≠‡∏Å,239
‡∏ô‡∏≤‡∏á‡πÄ‡∏≠‡∏Å,240
‡∏ï‡∏≠‡∏ö,241
‡∏î‡∏µ‡∏°‡∏≤‡∏Å,242
‡∏Å‡∏≥‡∏•‡∏±‡∏á‡πÉ‡∏à,243
‡∏´‡∏°‡∏≤,244
‡∏ï‡∏π‡πà,245
‡∏´‡∏≤‡∏¢,246
‡∏£‡∏¥,247
‡∏´‡πâ‡∏≤‡∏°,248
‡πÑ‡∏î‡πâ‡∏î‡∏µ,249
‡πÄ‡∏Å‡∏¥‡∏ô‡πÑ‡∏õ,250
‡∏ï‡∏≤,251
‡∏ä‡∏∑‡πà‡∏≠,252
‡∏•‡∏ö,253
‡πÄ‡∏û‡∏®,254
‡∏™‡∏á‡∏™‡∏≤‡∏£,255
‡∏ï‡∏±‡πâ‡∏á‡πÉ‡∏à,256
‡∏á‡∏µ‡πâ,257
‡∏î‡∏¥,258
‡∏™‡∏°‡∏Ñ‡∏ß‡∏£,259
‡∏•,260
‡∏ô‡∏±‡∏Å‡πÅ‡∏™‡∏î‡∏á,261
‡∏õ‡∏£‡∏∞‡∏™‡∏≤‡∏ó,262
‡∏ï‡∏±‡∏î,263
‡∏ö‡∏π‡∏•,264
‡∏õ‡∏±‡∏ç‡∏ç‡∏≤,265
‡∏™‡∏ô‡∏∏‡∏Å,266
‡∏Ñ‡∏∑‡∏ô,267
‡πÇ‡∏≠‡πÄ‡∏Ñ,268
‡∏Ñ‡∏≥‡∏û‡∏π‡∏î,269
‡∏≠‡∏≤‡∏¢,270
2,271
‡πÄ‡∏≠‡∏≠,272
‡∏ô‡πâ‡∏≥,273
‡∏°‡∏∑‡∏≠,274
‡∏û‡∏ß‡∏Å‡πÄ‡∏£‡∏≤,275
‡∏£‡∏µ‡πà,276
‡∏£‡∏≤‡∏¢‡∏Å‡∏≤‡∏£,277
‡∏≠‡∏≤‡∏¢‡∏∏,278
‡πÄ‡∏à,279
‡∏ó‡∏≥‡∏ï‡∏≤‡∏°,280
‡πÅ‡∏•‡πâ,281
‡∏ä‡∏±‡∏î,282
‡πÄ‡∏ü‡∏™,283
‡∏£‡πâ‡∏≠‡∏á‡πÑ‡∏´‡πâ,284
‡∏ß,285
‡∏´‡∏ô‡πâ‡∏≤‡∏ï‡∏≤,286
‡∏ñ‡πà‡∏≤‡∏¢,287
‡∏ô‡∏∂‡∏Å,288
‡∏†‡∏≤‡∏©‡∏µ,289
‡πÅ‡∏õ‡∏•‡∏Å,290
),291
....,292
3,293
‡∏ä‡∏≤‡∏ß‡∏ö‡πâ‡∏≤‡∏ô,294
‡πÄ‡∏à‡∏≠‡∏Å‡∏±‡∏ô,295
‡∏ù‡∏∏‡πà‡∏ô,296
‡πÄ‡∏ß‡∏£,297
‡∏Æ‡∏≤,298
‡∏ú‡∏•‡∏¥‡∏ï,299
‡πÄ‡∏ñ‡∏µ‡∏¢‡∏á,300
!!!!,301
‡πÄ‡∏ã‡∏•‡∏•‡πå,302
‡∏Ç‡∏≥,303
‡∏≠‡∏¢‡∏≤‡∏Å‡∏£‡∏π‡πâ,304
‡∏ô‡∏µ‡πâ‡πÅ‡∏´‡∏•‡∏∞,305
‡πÇ‡∏ä‡∏ß‡πå,306
‡∏à‡∏£‡∏£‡∏¢‡∏≤‡∏ö‡∏£‡∏£‡∏ì,307
‡∏Ñ‡∏ö,308
‡∏≠‡∏µ‡∏î‡∏≠‡∏Å,309
‡∏Ç‡∏≠‡∏≠‡∏ô‡∏∏‡∏ç‡∏≤‡∏ï,310
‡πÅ‡∏≠,311
‡∏™‡∏ß‡∏ô‡∏™‡∏±‡∏ï‡∏ß‡πå,312
‡∏ß‡∏à‡∏∞,313
‡∏Ñ‡∏ß‡∏≤‡∏°‡∏£‡∏π‡πâ‡∏™‡∏∂‡∏Å,314
‡∏™‡∏£‡πâ‡∏≤‡∏á,315
‡∏´‡∏ô‡πâ‡∏≤‡∏ó‡∏µ‡πà,316
‡∏ô‡πâ‡∏≤,317
555,318
‡πÇ‡∏û‡∏™‡∏ï‡πå,319
‡∏ã‡∏±‡∏Å,320
‡πÅ‡∏õ‡∏•,321
‡∏£‡∏≠‡∏î,322
‡∏ö‡πâ‡∏≤,323
(,324
7,325
‡∏î‡∏£‡∏≤‡∏°‡πà‡∏≤,326
‡∏´‡∏°‡∏±‡∏î,327
‡πÄ‡∏î‡∏∑‡∏≠‡∏î‡∏£‡πâ‡∏≠‡∏ô,328
‡∏£‡∏£.,329
‡∏°‡∏≤‡∏à‡∏≤‡∏Å,330
‡∏´‡∏π,331
‡∏î‡∏π‡πÅ‡∏•‡∏ï‡∏±‡∏ß‡πÄ‡∏≠‡∏á,332
‡∏¢‡∏¥‡πâ‡∏°,333
‡∏Ñ‡∏≠‡∏¢,334
‡∏ó‡∏ô,335
‡πÄ‡∏´‡πá‡∏ô‡∏î‡πâ‡∏ß‡∏¢,336
‡πÅ‡∏ï‡∏Å,337
‡∏Ñ‡∏¥‡∏î‡πÑ‡∏î‡πâ,338
‡∏õ‡∏£‡∏∞,339
‡∏Å,340
‡∏•‡∏∞‡∏Ñ‡∏£,341
‡πÄ‡∏´‡∏ô‡∏∑‡πà‡∏≠‡∏¢,342
‡∏´‡πà‡∏≤,343
‡∏¢‡∏≤‡∏¢,344
‡∏ú‡∏π‡πâ‡πÉ‡∏´‡∏ç‡πà,345
‡∏î‡∏π‡∏î‡∏µ,346
‡∏î‡∏π‡πÅ‡∏•,347
‡∏ä‡∏µ‡πà,348
‡πÄ‡∏á‡∏µ‡∏¢‡∏ö,349
‡∏£‡∏π‡πâ‡πÄ‡∏£‡∏∑‡πà‡∏≠‡∏á,350
‡∏™‡∏∏‡∏î‡∏ó‡πâ‡∏≤‡∏¢,351
‡∏¢‡∏∏‡∏Ñ,352
‡∏™‡∏ô‡∏¥‡∏ó,353
‡∏°‡∏∏‡∏Å,354
‡∏ï‡∏¥‡πà‡∏á,355
‡πÄ‡∏≠‡∏≤‡∏à‡∏£‡∏¥‡∏á,356
‡∏´‡∏ô‡∏±‡∏á,357
‡∏ô‡∏±‡πâ‡∏ô‡πÅ‡∏´‡∏•‡∏∞,358
‡πÇ‡∏û‡∏™,359
‡πÄ‡∏ï‡∏∑‡∏≠‡∏ô,360
‡∏Ñ‡∏ß‡∏¢,361
‡∏õ‡∏±‡πà‡∏ô,362
‡πÄ‡∏≠,363
‡∏ó‡∏¥‡πâ‡∏á,364
‡∏≠.,365
‡∏ï‡∏≠‡∏Å‡∏´‡∏ô‡πâ‡∏≤,366
',367
‡∏¢‡∏±‡∏á‡∏°‡∏µ,368
‡∏≠‡∏ò‡∏¥‡∏ö‡∏≤‡∏¢,369
‡∏¢‡∏∑‡∏ô,370
‡∏£‡∏±‡∏ö‡∏ú‡∏¥‡∏î‡∏ä‡∏≠‡∏ö,371
‡∏ï‡∏£‡∏£‡∏Å‡∏∞,372
‡πÅ‡∏Å‡πâ‡∏°,373
‡∏û‡∏ö‡∏Å‡∏±‡∏ô,374
‡∏£‡∏≠‡∏ö,375
‡∏£‡πâ‡∏≠‡∏á,376
‡∏°‡∏ô‡∏∏‡∏©‡∏¢‡πå,377
‡∏Ü‡πà‡∏≤,378
‡∏ù‡∏≤‡∏Å,379
‡∏™‡∏±‡∏Å‡∏ó‡∏µ,380
=,381
‡∏ï‡πâ‡∏≠‡∏á‡∏Å‡∏≤‡∏£,382
‡πÄ‡∏Ç‡∏¥‡∏ô,383
‡πÅ‡∏à‡∏Å,384
‡πÇ‡∏´,385
‡∏ä‡∏°,386
‡∏ü‡∏≤‡∏î,387
‡∏ô‡∏°,388
‡∏°‡∏µ‡∏Ñ‡∏ß‡∏≤‡∏°‡∏™‡∏∏‡∏Ç,389
‡∏ó‡∏∞‡πÄ‡∏•‡∏≤‡∏∞,390
‡πÄ‡∏ï‡πâ‡∏ô,391
‡πÅ‡∏ö‡πä‡∏ß,392
‡∏ä‡∏±‡πâ‡∏ô,393
‡πÄ‡∏î,394
‡πÅ‡∏≠‡∏ö,395
‡∏Å‡∏¥‡∏ô‡∏Ç‡πâ‡∏≤‡∏ß,396
‡∏Ñ‡∏±‡∏ö,397
‡πÄ‡∏≠‡∏≤‡πÅ‡∏ï‡πà,398
‡∏û‡∏µ‡∏ó,399
‡∏ó‡∏µ‡πà‡∏ú‡πà‡∏≤‡∏ô‡∏°‡∏≤,400
‡∏´‡∏ç‡∏¥‡∏á,401
‡∏Å‡∏î,402
‡πÅ‡∏ö,403
‡πÉ‡∏à‡πÄ‡∏¢‡πá‡∏ô,404
‡∏Ñ‡πà‡∏≤,405
‡∏¢‡∏¥‡∏á,406
‡πÄ‡∏ö‡∏≤,407
‡πÄ‡∏ô‡∏ä‡∏±‡πà‡∏ô,408
‡∏¢‡∏≤‡∏°,409
‡∏î,410
‡∏¢‡∏±‡∏ô,411
‡∏õ‡∏£‡∏∞‡πÄ‡∏î‡πá‡∏ô,412
‡∏ä‡∏≤‡∏ï‡∏¥,413
‡∏°‡∏±‡πâ‡∏á,414
‡πå,415
‡∏™‡∏≤‡∏¢,416
‡πÑ‡∏°‡πâ‡πÄ‡∏£‡∏µ‡∏¢‡∏ß,417
‡∏ï‡∏ö‡∏´‡∏ô‡πâ‡∏≤,418
‡∏≠‡∏¢‡∏π‡πà‡πÅ‡∏•‡πâ‡∏ß,419
‡∏û‡∏¥‡∏°‡∏û‡πå,420
‡∏õ‡∏±‡∏ç‡∏ç‡∏≤‡∏≠‡πà‡∏≠‡∏ô,421
‡∏≠‡∏¢‡∏π‡πà‡πÄ‡∏•‡∏¢,422
‡∏´‡∏°‡∏π,423
‡∏™‡πâ‡∏ô‡∏ï‡∏µ‡∏ô,424
‡∏ï‡∏£‡∏á‡πÑ‡∏´‡∏ô,425
‡∏™‡∏µ,426
‡∏≠‡∏≠‡∏ü,427
‡∏£‡πâ‡∏≠‡∏ô,428
‡πÄ‡∏à‡∏£‡∏¥‡∏ç,429
‡πÅ‡∏ô‡πà‡πÜ,430
‡∏ô‡∏∂‡∏Å‡∏ñ‡∏∂‡∏á,431
‡∏õ‡∏•‡∏≤,432
‡∏ó‡∏∏‡πÄ‡∏£‡∏®,433
‡πÄ‡∏õ‡πá‡∏ô‡πÄ‡∏£‡∏∑‡πà‡∏≠‡∏á,434
‡∏™‡∏¥‡∏ó‡∏ò‡∏¥,435
‡∏Ç‡∏¢‡∏∞,436
‡∏£‡∏≤‡∏Ñ‡∏≤,437
‡∏Ñ‡πà‡∏≤‡∏¢,438
‡∏•‡∏≤,439
‡πÄ‡∏ö‡∏∑‡πà‡∏≠,440
‡∏à‡∏¥‡∏ï,441
‡∏à‡∏µ‡∏ô,442
‡πÇ‡∏°‡πÇ‡∏´,443
‡∏õ‡∏Å‡∏õ‡πâ‡∏≠‡∏á,444
‡∏°‡∏¥‡∏ô‡∏¥,445
‡∏à‡∏±‡∏ö‡∏ú‡∏¥‡∏î,446
‡∏Å‡∏≠‡∏î,447
‡∏´‡πâ‡∏≠‡∏á,448
‡∏¢‡πâ‡∏≠‡∏ô,449
‡∏Ñ‡∏ô‡πÉ‡∏ô,450
‡∏™‡∏°,451
‡∏´‡∏ô‡πâ‡∏≤‡∏î‡πâ‡∏≤‡∏ô,452
‡∏á‡∏±‡πâ‡∏ô,453
‡∏™‡∏£‡∏∏‡∏õ,454
‡∏Å‡∏≤‡∏Å,455
‡∏¢‡πå,456
‡∏™‡∏±‡∏™,457
‡πÇ‡∏ó‡∏£‡∏®‡∏±‡∏û‡∏ó‡πå,458
‡∏Ñ‡∏ô‡πÑ‡∏ó‡∏¢,459
‡πÄ‡∏®‡∏£‡πâ‡∏≤,460
‡∏Å‡∏µ‡πà,461
‡∏°‡∏≠,462
‡∏´‡∏±‡∏ß‡πÉ‡∏à,463
‡∏≠,464
‡∏ö‡∏≤‡∏ó,465
‡∏ï‡∏±‡∏á,466
‡πÅ‡∏Ñ‡∏õ,467
55555,468
‡∏¢‡πà‡∏≤,469
‡πÄ‡∏¢‡πá‡∏î,470
‡πÄ‡∏Å‡πà‡∏≤,471
‡πÄ‡∏≠‡∏¢,472
‡πÄ‡∏≠‡πà‡∏¢,473
‡∏Ñ‡∏≤,474
‡∏≠‡∏£,475
‡πÄ‡∏™‡∏∑‡πâ‡∏≠,476
‡πÄ‡∏ô‡∏∑‡πâ‡∏≠‡πÄ‡∏û‡∏•‡∏á,477
‡∏ß‡∏¥‡∏ò‡∏µ,478
‡πÅ‡∏¢‡πà‡∏á,479
‡πÅ‡∏ï‡πà‡∏á‡∏ï‡∏±‡∏ß,480
‡∏Å‡∏£‡∏∞‡πÅ‡∏™,481
‡∏î‡∏µ‡πÅ‡∏•‡πâ‡∏ß,482
‡∏≠‡πà‡∏≠‡∏ô‡πÅ‡∏≠,483
‡∏°‡∏µ‡∏™‡∏¥‡∏ó‡∏ò‡∏¥‡πå,484
‡∏™‡∏≤‡∏¢‡∏ï‡∏≤,485
‡πÄ‡∏ô‡∏∑‡πâ‡∏≠,486
‡∏¢‡πâ‡∏≤‡∏¢,487
‡πÇ‡∏¢‡∏á,488
‡∏ô‡∏¥,489
‡πÅ‡∏¢‡πà‡∏°‡∏≤‡∏Å,490
‡πÄ‡∏ó,491
‡πÄ‡∏≠‡πá‡∏ô‡∏î‡∏π,492
‡πÄ‡∏´‡∏á‡∏≤,493
‡∏û‡∏±‡∏á,494
‡∏ã‡∏µ‡∏ô,495
‡∏ï‡πà‡∏≠‡∏´‡∏ô‡πâ‡∏≤,496
‡πÄ‡∏°‡∏∑‡∏≠‡∏á,497
‡∏´‡∏•‡∏≠‡∏Å,498
‡∏ä‡∏ô‡∏∞,499
‡∏°‡∏µ‡πÄ‡∏£‡∏∑‡πà‡∏≠‡∏á,500
‡∏û‡∏±‡∏Å,501
‡∏Ñ‡∏ß‡∏≤‡∏°‡∏à‡∏£‡∏¥‡∏á,502
‡∏ß‡∏¥‡∏ö‡∏ß‡∏±‡∏ö,503
‡∏ó‡∏ß‡∏á,504
‡πÅ‡∏Ñ‡∏£‡πå,505
‡∏™‡∏∏‡∏î‡∏¢‡∏≠‡∏î,506
‡πÄ‡∏Å‡πâ‡∏≤,507
‡πÄ‡∏£‡∏∑‡πà‡∏≠‡∏á‡∏™‡πà‡∏ß‡∏ô‡∏ï‡∏±‡∏ß,508
‡∏û‡∏π‡∏î‡∏ß‡πà‡∏≤,509
‡∏ö‡∏£‡∏¥‡∏´‡∏≤‡∏£,510
‡πÅ‡∏´‡∏Å,511
4,512
‡∏£‡∏≥‡∏Ñ‡∏≤‡∏ç,513
‡∏™‡∏Å‡∏õ‡∏£‡∏Å,514
‡∏´‡πà‡∏ß‡∏¢,515
‡πÑ‡∏•‡∏ü‡πå,516
‡∏Å‡∏•‡∏±‡∏ö‡∏ö‡πâ‡∏≤‡∏ô,517
‡πÅ‡∏°‡∏™,518
‡∏Å.,519
‡πÅ‡∏°‡∏ß,520
‡∏™‡∏á‡∏™‡∏±‡∏¢,521
‡∏´‡∏ô‡∏±‡∏Å,522
‡πÄ‡∏ô‡∏∑‡πâ‡∏≠‡∏´‡∏≤,523
‡∏ó‡∏µ‡πà‡∏≠‡∏¢‡∏π‡πà,524
‡∏Å‡πâ‡∏≠‡∏ô,525
‡∏ï‡πà‡∏≥,526
‡πÅ‡∏ï‡πà‡∏á‡∏´‡∏ô‡πâ‡∏≤,527
‡∏™‡∏ß‡∏ô,528
‡∏ï‡∏∑‡πà‡∏ô,529
‡∏Ñ‡∏ô‡πÄ‡∏£‡∏≤,530
‡πÄ‡∏õ‡πá‡∏ô‡πÑ‡∏£,531
‡∏ó‡∏µ‡∏°,532
‡∏ô‡∏±‡∏Å‡∏´‡∏ô‡∏≤,533
‡∏ï‡∏Å,534
‡∏î‡∏π‡πÜ,535
‡∏®‡∏¥‡∏•‡∏õ‡∏¥‡∏ô,536
‡∏´‡∏á‡∏∏‡∏î‡∏´‡∏á‡∏¥‡∏î,537
‡∏ö,538
‡∏™‡∏±‡πà‡∏á‡∏™‡∏≠‡∏ô,539
‡∏Ñ‡∏∏‡∏ì‡∏†‡∏≤‡∏û,540
‡∏ï‡πà‡∏≠‡πÉ‡∏´‡πâ,541
6,542
‡∏ò‡∏£‡∏£‡∏°‡∏î‡∏≤,543
‡πÄ‡∏õ‡πá‡∏ô‡πÑ‡∏á,544
‡∏î‡∏π‡∏ñ‡∏π‡∏Å,545
‡∏Ñ‡∏ô‡∏î‡∏π,546
‡πÇ‡∏õ‡πä‡∏∞‡πÅ‡∏ï‡∏Å,547
‡πÅ‡∏´‡∏°,548
‡∏´‡∏•‡πà‡∏≠,549
‡πÇ‡∏£‡∏°,550
‡∏î‡πà‡∏≤‡∏ß‡πà‡∏≤,551
‡πÅ‡∏ä‡∏ó,552
‡∏à‡∏µ,553
‡∏•‡∏π‡∏Å‡∏´‡∏•‡∏≤‡∏ô,554
‡∏Å‡πâ‡∏≠,555
‡∏ï‡∏≥‡∏£‡∏ß‡∏à,556
‡πÄ‡∏ï‡πá‡∏°,557
‡∏¢‡∏≤,558
‡∏£,559
‡∏ú‡∏π‡πâ‡∏õ‡∏Å‡∏Ñ‡∏£‡∏≠‡∏á,560
‡∏û‡∏π‡∏î‡∏ñ‡∏∂‡∏á,561
‡πÉ‡∏™,562
‡∏¢‡∏±‡∏î‡πÄ‡∏¢‡∏µ‡∏¢‡∏î,563
‡πÄ‡∏Å‡∏¢‡πå,564
‡πÄ‡πÄ‡∏ï‡πà,565
‡∏Ç‡∏µ‡πâ‡πÄ‡∏•‡∏∑‡πà‡∏≠‡∏¢,566
‡πÑ‡∏°‡πâ,567
‡∏¢‡∏π,568
‡∏ù‡∏±‡πà‡∏á,569
‡∏´‡∏ß‡∏±‡∏á,570
‡∏ã‡∏µ,571
‡∏•‡∏π‡∏Å‡∏Ñ‡πâ‡∏≤,572
‡∏ô‡∏¥‡∏ô‡∏ó‡∏≤,573
‡∏î‡∏π‡πÄ‡∏´‡∏°‡∏∑‡∏≠‡∏ô,574
‡∏°‡∏≤‡∏ñ‡∏∂‡∏á,575
‡πÄ‡∏Å‡∏µ‡πà‡∏¢‡∏ß,576
‡∏Ñ‡∏≠‡∏ô,577
‡πÄ‡∏Å,578
:,579
‡∏´‡∏±‡∏î,580
‡∏£‡∏±‡∏Å‡∏©‡∏≤,581
‡πÅ‡∏ô‡πà‡∏ô‡∏≠‡∏ô,582
‡∏£‡∏±‡∏ê,583
‡πÑ‡∏õ‡∏´‡∏≤,584
‡∏ô‡∏≠‡∏ô,585
‡πÄ‡∏ô‡∏≠,586
‡πÅ‡∏õ‡∏•‡∏Å‡πÉ‡∏à,587
‡∏à‡∏∏‡∏ô,588
‡πÄ‡πÄ‡∏°‡πà,589
‡πÄ‡∏î‡∏µ‡πã‡∏¢‡∏ß‡∏ô‡∏µ‡πâ,590
‡∏´‡∏∑‡∏°,591
‡∏Ç‡∏π‡πà,592
‡πÇ‡∏ã,593
‡∏´‡∏£‡∏∑‡∏≠‡∏ß‡πà‡∏≤,594
‡∏£‡∏ñ,595
‡πÅ‡∏´‡∏°‡πà,596
‡πÄ‡∏£‡∏µ‡∏¢‡∏Å‡∏£‡πâ‡∏≠‡∏á,597
‡∏ó‡∏µ‡πà‡∏°‡∏≤,598
‡∏£‡∏Å,599
‡∏°‡∏µ‡∏õ‡∏±‡∏ç‡∏´‡∏≤,600
‡πÇ‡∏≠‡πâ‡∏¢,601
‡πÇ‡∏ó‡∏£,602
‡∏≠‡∏∂‡πâ‡∏á,603
‡∏à‡πà‡∏≤‡∏¢,604
‡∏Å‡∏£‡∏≠‡∏ö,605
‡πÄ‡∏ó‡πà,606
‡∏Ç‡πâ‡∏≠‡∏°‡∏π‡∏•,607
‡∏î‡πâ‡∏ß‡∏¢‡∏ã‡πâ‡∏≥,608
‡∏Ç‡πà‡∏°‡∏Ç‡∏∑‡∏ô,609
‡πÅ‡∏ô‡∏∞‡∏ô‡∏≥,610
‡∏•‡πâ‡∏≠,611
‡∏ä‡∏≤‡∏¢,612
‡∏û‡∏∑‡πâ‡∏ô‡∏ó‡∏µ‡πà,613
‡∏≠‡∏≤‡∏ä‡∏µ‡∏û,614
‡∏ß‡∏á,615
‡∏≠‡πâ‡∏ß‡∏Å,616
‡∏ö‡πà‡∏ô,617
‡∏õ‡πà‡∏≤,618
‡πÄ‡∏à‡∏µ‡∏¢‡∏°,619
‡πÄ‡∏°‡∏µ‡∏¢,620
‡∏•‡πâ‡∏≤‡∏ô,621
‡∏≠‡∏≤‡∏ß‡∏∏‡∏ò,622
‡πÄ‡∏™‡∏µ‡∏¢‡πÉ‡∏à,623
‡πÄ‡∏≠‡∏≤‡πÄ‡∏£‡∏∑‡πà‡∏≠‡∏á,624
‡πÄ‡∏Å‡∏≤,625
‡∏à‡∏≥‡πÄ‡∏õ‡πá‡∏ô‡∏ï‡πâ‡∏≠‡∏á,626
‡∏°‡∏±‡πà‡∏ß,627
‡πÄ‡∏ß‡πâ‡∏¢,628
‡∏´‡πà‡∏ß‡∏á,629
‡∏Å‡∏•‡∏¥‡πà‡∏ô,630
‡∏Ñ‡∏ß‡∏≤‡∏°‡∏ô‡πà‡∏≤‡∏£‡∏±‡∏Å,631
‡∏£‡∏∞‡∏ß‡∏±‡∏á,632
‡∏¢‡∏¢,633
‡∏à‡∏µ‡πâ,634
‡πÅ‡∏û‡πâ,635
‡∏à‡∏¥‡∏á,636
‡∏Å‡∏≤‡∏£‡∏®‡∏∂‡∏Å‡∏©‡∏≤,637
‡∏¢‡∏∏‡πà‡∏á,638
‡∏ô‡πà‡∏≤‡∏Å‡∏•‡∏±‡∏ß,639
‡πÑ‡∏≠‡πâ,640
‡∏Ç‡∏≠‡πÉ‡∏´‡πâ,641
‡πÅ‡∏û‡∏á,642
‡∏£‡∏∂‡πÄ‡∏õ‡∏•‡πà‡∏≤,643
‡πÄ‡∏≠‡∏≤‡πÑ‡∏ß‡πâ,644
‡πÄ‡∏´‡∏¢‡∏µ‡∏¢‡∏ö,645
‡∏™‡∏±‡∏Å‡∏ß‡∏±‡∏ô,646
‡πÇ‡∏û,647
‡∏ó,648
‡∏ó‡∏≥‡∏î‡∏µ,649
5,650
‡∏î‡∏≤‡∏ß,651
‚Äô,652
‡πÇ‡∏î‡∏î,653
‡πÄ‡∏¢‡πá‡∏ô,654
‡∏à‡∏¥‡∏ô‡∏ï‡∏ô‡∏≤‡∏Å‡∏≤‡∏£,655
‡∏¢‡∏Å‡πÄ‡∏ß‡πâ‡∏ô,656
‡∏≠‡∏≤‡∏£‡∏°‡∏ì‡πå,657
‡πÅ‡∏Ç‡∏ß‡∏∞,658
‡∏õ‡πâ‡∏≠‡∏á‡∏Å‡∏±‡∏ô,659
‡πÄ‡∏•‡∏∞,660
‡πÇ‡∏Å‡∏£‡∏ò,661
‡πÄ‡∏ü‡∏Ñ,662
‡∏Ñ‡∏≥‡∏´‡∏¢‡∏≤‡∏ö,663
‡∏Æ‡∏∑‡∏≠,664
‡∏£‡πà‡∏≤‡∏ô,665
‡πÄ‡∏´‡πá‡∏ô‡πÅ‡∏Å‡πà‡∏ï‡∏±‡∏ß,666
‡∏ß‡∏±‡∏ô‡∏ó‡∏µ‡πà,667
‡∏Å‡∏é,668
‡πÇ‡∏Å‡πâ,669
‡∏™‡∏≠‡∏ö,670
‡πÄ‡∏™‡∏µ‡∏¢‡∏á‡∏î‡∏±‡∏á,671
‡πÄ‡∏´‡∏°‡∏≤,672
‡∏ô‡∏±‡∏î,673
‡∏õ‡∏±‡∏á,674
‡∏Ñ‡∏ß‡∏£‡∏à‡∏∞,675
‡∏à‡∏≤,676
20,677
‡∏™‡∏ï‡∏¥,678
‡∏™‡πà‡∏ß‡∏ô‡∏ï‡∏±‡∏ß,679
‡πÄ‡∏î‡∏µ‡πà‡∏¢‡∏ß,680
‡∏ß‡∏¥‡∏à‡∏≤‡∏£‡∏ì‡πå,681
‡πÄ‡∏à‡πá‡∏ö,682
‡∏î‡∏±‡∏î,683
‡πÄ‡∏¢,684
‡∏Ñ‡∏∏‡∏ì‡∏´‡∏°‡∏≠,685
‡∏°‡∏±‡∏ô‡∏î‡∏µ,686
‡∏à‡∏±‡∏ö‡∏°‡∏∑‡∏≠,687
‡πÄ‡∏£‡∏¥‡πà‡∏î,688
‡∏•‡∏∑‡πâ‡∏≠,689
‡∏Å‡∏£‡πà‡∏≤‡∏á,690
‡πÅ‡∏ó‡∏ö,691
‡∏ï‡∏π‡∏°,692
‡∏ô‡πà‡∏≤‡∏™‡∏á‡∏™‡∏≤‡∏£,693
‡∏Ñ‡∏¥‡πâ‡∏ß,694
‡πÄ‡∏õ‡πá‡∏ô‡∏ö‡πâ‡∏≤,695
‡∏à‡∏¥‡πâ‡∏ô,696
‡∏£‡∏±‡∏á‡πÅ‡∏Å,697
‡∏£.‡∏£.,698
‡πÅ‡∏ã‡∏∞,699
‡∏õ‡∏±‡∏ç‡∏´‡∏≤,700
‡∏î‡∏±‡∏ô,701
‡∏£‡πâ‡∏≤‡∏ô‡∏≠‡∏≤‡∏´‡∏≤‡∏£,702
‡πÇ‡∏ï‡∏°‡∏≤,703
‡∏´‡∏•‡∏∏‡∏î,704
‡∏Ç‡πâ‡∏≤‡∏ß,705
‡πÅ‡∏°‡∏ô,706
‡πÅ‡∏™‡∏ô,707
‡∏´‡∏ß‡∏≤‡∏ô,708
‡∏ñ‡∏∂‡∏á‡∏ß‡πà‡∏≤,709
‡∏´‡∏≤‡πÄ‡∏£‡∏∑‡πà‡∏≠‡∏á,710
‡∏Ç‡πâ‡∏≤‡∏ß‡πÄ‡∏´‡∏ô‡∏µ‡∏¢‡∏ß,711
‡πÑ‡∏•‡πà,712
‡∏≠‡∏Å,713
‡πÄ‡∏•‡∏ß,714
‡∏ó‡∏ß‡∏¥‡∏ï‡πÄ‡∏ï‡∏≠‡∏£‡πå,715
‡∏ô‡∏±‡πà‡∏ô‡∏™‡∏¥,716
‡πÄ‡∏õ‡∏•‡∏µ‡πà‡∏¢‡∏ô‡πÑ‡∏õ,717
‡∏ï‡∏±‡∏ß‡∏ï‡∏ô,718
‡∏ô‡∏±‡∏Å‡πÄ‡∏•‡∏á,719
‡πÄ‡∏•‡∏¥‡∏®,720
‡∏ß‡∏ß,721
‡πÄ‡∏î‡∏∑‡∏≠‡∏ô,722
‡∏Ñ‡∏ß‡∏≤‡∏°‡∏£‡∏±‡∏Å,723
‡∏ï‡∏±‡∏ß‡∏≠‡∏¢‡πà‡∏≤‡∏á,724
‡∏≠‡∏ö‡∏≠‡∏∏‡πà‡∏ô,725
‡∏£‡∏∞‡∏ö‡∏ö,726
‡∏≠‡∏¥‡πà‡∏°,727
‡∏¢‡∏≠,728
‡∏≠‡∏î‡∏ó‡∏ô,729
‡∏≠‡∏±‡∏ô‡∏î‡∏±‡∏ö,730
‡πÇ‡∏õ‡πä‡∏∞,731
‡πÅ‡∏à‡πâ‡∏á‡∏Ñ‡∏ß‡∏≤‡∏°,732
‡∏î‡∏π‡∏≠‡∏≠‡∏Å,733
‡∏´‡∏ô‡∏µ,734
‡∏´‡∏µ,735
‡πÉ‡∏à‡∏î‡∏µ,736
‡πÅ‡∏£,737
‡∏≠‡∏ß‡∏î‡∏£‡∏ß‡∏¢,738
‡πÇ‡∏¢‡∏ô,739
‡∏ô‡∏±‡∏Å‡∏Ç‡πà‡∏≤‡∏ß,740
‡πÅ‡∏ü‡∏ô‡∏Ñ‡∏•‡∏±‡∏ö,741
‡∏£‡∏π‡πâ‡∏ï‡∏±‡∏ß,742
‡∏Å‡∏≤,743
‡∏ü,744
‡∏ú‡∏µ,745
‡∏™‡∏ö‡∏π‡πà,746
‡πÄ‡∏á‡∏µ‡∏¢‡∏ö‡πÜ,747
‡∏û‡∏µ‡πà‡∏ä‡∏≤‡∏¢,748
‡∏™‡∏ô‡∏±‡∏ö‡∏™‡∏ô‡∏∏‡∏ô,749
‡πÅ‡∏Æ,750
‡∏õ‡∏•‡∏≠‡∏î‡∏†‡∏±‡∏¢,751
‡∏Ç‡∏µ‡πà,752
‡∏•‡∏≥‡∏ö‡∏≤‡∏Å,753
‡∏Ç‡πâ‡∏≤‡∏á‡πÉ‡∏ô,754
‡πÄ‡∏î‡∏¥‡∏°,755
‡πÄ‡∏´,756
‡∏Å‡∏≤‡∏£‡∏Å‡∏£‡∏∞‡∏ó‡∏≥,757
‡∏†‡∏≤‡∏û,758
‡∏≠‡∏≠‡∏ô,759
‡∏ï‡∏±‡∏î‡∏ï‡πà‡∏≠,760
‡πÄ‡∏û‡∏à,761
‡∏ü‡∏¥‡∏ô,762
‡∏£‡∏∞‡∏î‡∏±‡∏ö,763
‡∏ß‡∏¥‡πà‡∏á,764
‡∏ô‡∏≤‡∏ó‡∏µ,765
‡πÅ‡∏Å‡πâ‡∏ß,766
‡∏ú‡∏π‡πâ‡∏ô‡∏≥,767
‡πÄ‡∏û‡∏£‡∏≤‡∏∞‡∏≠‡∏∞‡πÑ‡∏£,768
‡πÄ‡∏£‡∏µ‡∏¢‡∏ß,769
‡∏õ‡∏µ‡πÉ‡∏´‡∏°‡πà,770
‡πÅ‡∏Ñ,771
‡∏™‡∏±‡πà‡∏ô,772
‡∏ó‡∏≥‡∏´‡∏ô‡πâ‡∏≤‡∏ó‡∏µ‡πà,773
‡∏´‡∏¢‡∏≤‡∏ö,774
‡∏™‡∏µ‡πà,775
‡∏ä‡∏≤,776
‡∏ó‡∏≥‡∏£‡πâ‡∏≤‡∏¢,777
‡πÄ‡∏´‡∏ï‡∏∏‡∏Å‡∏≤‡∏£‡∏ì‡πå,778
‡πÄ‡∏•‡πà‡∏≤,779
‡∏ú‡∏•‡∏á‡∏≤‡∏ô,780
‡πÄ‡∏ô‡∏≤‡∏∞,781
‡∏°‡∏≠‡∏á‡πÑ‡∏°‡πà‡πÄ‡∏´‡πá‡∏ô,782
‡∏¢‡∏≠‡∏î,783
‡∏´‡∏•‡∏ö,784
‡πÄ‡∏Å‡∏¥‡∏î‡∏Ç‡∏∂‡πâ‡∏ô,785
‡πÄ‡∏ï‡πá‡∏°‡∏ó‡∏µ‡πà,786
‡∏û‡∏ô‡∏±‡∏Å‡∏á‡∏≤‡∏ô,787
‡∏ä‡∏µ‡∏ß‡∏¥‡∏ï‡∏à‡∏£‡∏¥‡∏á,788
‡∏£‡∏π‡∏õ‡∏´‡∏ô‡πâ‡∏≤,789
‡∏Ñ‡∏ß‡∏≤‡∏°‡∏£‡∏±‡∏ö‡∏ú‡∏¥‡∏î‡∏ä‡∏≠‡∏ö,790
‡∏Ñ‡∏ô‡∏î‡∏µ,791
‡∏≠‡∏¢‡∏π‡πà‡∏î‡∏µ,792
‡∏ã‡πâ‡∏≥,793
‡∏≤‡∏≤,794
‡∏™‡∏ï‡∏≠,795
‡∏†‡∏≤‡∏©‡∏≤‡∏≠‡∏±‡∏á‡∏Å‡∏§‡∏©,796
‡πÄ‡∏£,797
8,798
‡∏´‡∏°‡∏∑‡πà‡∏ô,799
‡∏Ñ‡∏ß‡∏≤‡∏°‡∏≠‡∏ö‡∏≠‡∏∏‡πà‡∏ô,800
‡∏õ‡∏£‡∏ö‡∏°‡∏∑‡∏≠,801
‡πÑ‡∏•‡∏Ñ‡πå,802
‡∏£‡∏±‡∏ß,803
‡∏¢‡∏∏‡∏î,804
‡∏î‡∏±‡∏î‡∏à‡∏£‡∏¥‡∏ï,805
‡∏£‡∏™,806
‡∏™‡∏ß‡∏±‡∏™‡∏î‡∏µ,807
‡∏à‡∏∏‡∏î,808
‡∏Å‡∏£‡∏∞‡∏î‡∏¥‡∏Å,809
‡∏Ç‡∏≤,810
‡∏´‡∏•‡πà‡∏∞,811
‡∏ç‡∏≤‡∏ï‡∏¥,812
‡∏Å‡∏£‡∏≤‡∏î,813
‡πÇ‡∏Ñ‡∏£‡∏≤‡∏ä,814
‡∏°‡∏µ‡πÄ‡∏´‡∏ï‡∏∏‡∏ú‡∏•,815
‡∏ä‡∏±‡∏î‡πÄ‡∏à‡∏ô,816
‡πÅ‡∏¢‡πâ‡∏á,817
‡πÉ‡∏´‡πâ‡πÑ‡∏î‡πâ,818
‡πÄ‡∏´‡∏°‡∏∑‡∏≠‡∏ô‡πÄ‡∏î‡∏¥‡∏°,819
+,820
‡∏ï‡∏±‡∏î‡∏™‡∏¥‡∏ô‡πÉ‡∏à,821
??,822
‡∏ô‡∏∞‡∏à‡πä‡∏∞,823
‡∏ï‡∏≠‡πÅ‡∏´‡∏•,824
‡πÅ‡∏õ‡∏•‡∏Å‡∏ó‡∏µ‡πà,825
‡∏û‡∏≠‡πÉ‡∏à,826
‡πÄ‡∏ó‡∏≤,827
‡∏ó‡πå,828
‡∏ä‡∏±‡∏á,829
‡∏Å‡∏•‡∏≤‡∏á,830
‡∏Ç‡∏ß‡∏±‡∏ç,831
‡∏´‡∏ô‡∏≤,832
‡πÄ‡∏õ‡∏•‡πà‡∏≤,833
‡πÄ‡∏≠‡πâ‡∏≤,834
‡πÇ‡∏•‡∏ï‡∏±‡∏™,835
‡∏°‡∏∏‡∏°,836
2020,837
‡∏£‡∏∞‡∏ö‡∏≤‡∏¢,838
‡∏¢‡∏≠‡∏°‡πÉ‡∏´‡πâ,839
‡∏Ñ‡∏ß‡∏≤‡∏°‡∏£‡∏∏‡∏ô‡πÅ‡∏£‡∏á,840
‡πÄ‡∏ö‡∏≠‡∏£‡πå,841
‡πÑ‡∏•‡∏ô‡πå,842
‡πÄ‡∏Æ‡∏á‡∏ã‡∏ß‡∏¢,843
‡πÄ‡∏Ñ‡∏£‡∏µ‡∏¢‡∏î,844
‡∏†‡∏≤‡∏©‡∏≤,845
‡∏Ñ‡∏≠‡∏°,846
‡πÄ‡∏°‡πâ‡∏ô,847
‡∏Ñ‡∏∏‡πâ‡∏ô‡πÄ‡∏Ñ‡∏¢,848
‡πÇ‡∏î‡∏¢‡πÑ‡∏°‡πà‡∏ï‡∏±‡πâ‡∏á‡πÉ‡∏à,849
‡∏™‡∏ö,850
‡∏´‡∏¢‡∏≤‡∏ö‡∏Ñ‡∏≤‡∏¢,851
‡∏Ç‡πâ‡∏≠‡∏Ñ‡∏ß‡∏≤‡∏°,852
‡∏à‡∏µ‡∏ö,853
‡∏ô‡πà‡∏≤‡∏£‡∏≥‡∏Ñ‡∏≤‡∏ç,854
‡πÄ‡∏™‡∏°‡∏≠,855
‡∏ï‡∏≠‡∏ô‡∏ô‡∏±‡πâ‡∏ô,856
‡∏Å‡∏î‡∏î‡∏±‡∏ô,857
‡πÄ‡∏™‡∏∑‡∏≠,858
‡πÄ‡∏ô‡∏µ‡πâ‡∏¢,859
‡πÉ‡∏ö,860
‡πÄ‡∏Ç‡πâ‡∏≤‡∏Å‡∏±‡∏ö,861
‡πÄ‡∏£‡∏µ‡∏¢‡∏ö‡∏£‡πâ‡∏≠‡∏¢,862
‡πÄ‡∏Ñ‡∏≤‡∏£‡∏û,863
‡πÅ‡∏£‡∏á‡∏ö‡∏±‡∏ô‡∏î‡∏≤‡∏•‡πÉ‡∏à,864
‡πÄ‡∏ä‡∏µ‡∏¢‡∏£‡πå,865
‡πÄ‡∏õ‡∏£‡∏ï,866
‡∏Å‡∏≤‡∏£‡∏ó‡∏≥‡∏á‡∏≤‡∏ô,867
‡∏ß‡∏≤,868
‡∏õ‡∏£‡∏∞‡∏´‡∏•‡∏≤‡∏î,869
‡∏ï‡∏≠‡∏ô‡πÅ‡∏£‡∏Å,870
55555555555,871
‡∏î‡∏≠‡∏Å,872
‡∏ä‡∏ô‡∏ä‡∏±‡πâ‡∏ô,873
‡∏≠‡∏¥‡∏ô,874
‡∏£‡πå,875
‡∏ä‡∏¥‡πâ‡∏ô,876
‡πÄ‡∏ã,877
‡∏•‡∏≤‡∏°,878
‡∏Ñ‡∏ô‡∏•‡∏∞‡πÄ‡∏£‡∏∑‡πà‡∏≠‡∏á,879
‡πÇ‡∏õ‡∏£‡πÑ‡∏ü‡∏•‡πå,880
‡πÑ‡∏ß,881
555555555,882
‡∏ó‡∏µ‡πà‡∏ó‡∏≥‡∏á‡∏≤‡∏ô,883
‡πÅ‡∏≠‡∏î,884
‡∏Ç‡∏≠‡∏£‡πâ‡∏≠‡∏á,885
‡∏°‡∏µ‡∏•‡∏π‡∏Å,886
‡πÄ‡∏Ç‡πâ‡∏≤‡∏Ç‡πâ‡∏≤‡∏á,887
‡πÄ‡πÄ‡∏Ñ‡πà,888
‡∏ß‡πà‡∏≤‡∏á,889
‡πÇ‡∏Å‡∏´‡∏Å,890
‡πÄ‡∏ã‡∏ü,891
‡∏ß‡∏á‡∏Å‡∏≤‡∏£,892
‡∏Ñ‡∏ß‡∏≤‡∏°‡∏ú‡∏¥‡∏î,893
‡∏Ñ‡∏ß‡∏≤‡∏°‡∏™‡∏ô‡πÉ‡∏à,894
‡∏°‡∏∞‡∏ï‡∏π‡∏°,895
‡∏á‡∏ö,896
‡∏´‡∏°‡∏≠‡∏¢,897
‡∏ä‡∏≤‡∏ô,898
5555555,899
‡∏£‡∏≠‡∏á‡πÄ‡∏ó‡πâ‡∏≤,900
‡∏ô‡∏≤‡∏¢‡∏Å‡∏Ø,901
‡∏ó‡∏∏‡πà‡∏°,902
‡∏Å‡∏£‡∏∞‡∏ó‡∏ö,903
‡∏°‡∏µ‡∏™‡∏ï‡∏¥,904
‡∏î‡∏±‡∏Å,905
‡πÑ‡∏´‡∏•‡πà,906
‡πÅ‡∏à‡πâ‡∏á,907
‡∏°,908
‡∏û‡∏π‡∏î‡∏à‡∏≤,909
‡∏°‡∏±‡πà‡∏ô‡πÉ‡∏à,910
‡∏ï‡πà‡∏≤‡∏á‡∏õ‡∏£‡∏∞‡πÄ‡∏ó‡∏®,911
‡∏ù‡∏µ‡∏°‡∏∑‡∏≠,912
‡πÅ‡∏ô‡∏ß,913
‡∏™‡∏£‡∏£‡πÄ‡∏™‡∏£‡∏¥‡∏ç,914
‡∏ã.,915
‡∏†‡∏µ‡∏°,916
‡∏ß‡πà‡∏≤‡∏ó‡∏µ‡πà,917
‡∏´‡∏°‡∏≤‡∏¢‡∏ñ‡∏∂‡∏á,918
‡πÉ‡∏ô‡∏ó‡∏µ‡πà‡∏™‡∏∏‡∏î,919
mindset,920
‡∏î‡∏¥‡∏™,921
‡∏≠‡∏ô‡∏≤‡∏Ñ‡∏ï,922
‡∏û‡∏¢‡∏≤‡∏ö‡∏≤‡∏•,923
‡∏´‡∏°‡∏π‡πà,924
‡πÄ‡∏≠‡∏¥‡∏£‡πå‡∏ò,925
‡πÇ‡∏°,926
‡πÄ‡∏Å‡∏≤‡∏∞,927
‡∏Ñ‡∏ô‡πÄ‡∏Å‡πà‡∏á,928
‡∏õ‡πà‡∏≤‡∏ô‡∏ô‡∏µ‡πâ,929
‡∏û‡∏•‡∏¥‡∏Å,930
‡πÇ‡∏≠‡∏Å‡∏≤‡∏™,931
‡∏á‡πà‡∏≠‡∏¢,932
‡∏î‡∏î‡∏î,933
‡πÅ‡∏á,934
‡πÑ‡∏´,935
‡πÄ‡∏ó‡∏£‡∏ô‡∏î‡πå,936
‡∏à‡∏¥‡∏ï‡πÉ‡∏à,937
‡∏™‡∏†‡∏≤‡∏û,938
‡∏ã‡∏≤,939
‡πÅ‡∏à,940
15,941
‡∏Ñ‡∏±‡∏°,942
‡∏´‡∏≤‡∏ß‡πà‡∏≤,943
‡∏≠‡∏á‡∏Ñ‡πå,944
‡∏ô‡∏Å,945
‡πÑ‡∏Å‡πà,946
‡πÅ‡∏≠‡πä‡∏ö‡πÅ‡∏ö‡πä‡∏ß,947
‡∏ó‡∏ß‡∏µ‡∏ï,948
‡∏ó‡∏´‡∏≤‡∏£,949
‡∏™‡∏ñ‡∏≤‡∏ô‡∏Å‡∏≤‡∏£‡∏ì‡πå,950
‡∏£‡∏µ‡∏ö,951
‡∏´‡∏°‡∏±‡πà‡∏ô‡πÑ‡∏™‡πâ,952
‡∏ï‡∏¥‡∏î‡∏ï‡πà‡∏≠,953
‡∏ô‡∏ô,954
‡∏´‡∏≠‡∏°,955
10,956
‡πÅ‡∏Å‡∏•‡πâ‡∏á,957
‡πÅ‡∏´‡∏¢‡πà,958
‡∏™‡∏ñ‡∏≤‡∏ö‡∏±‡∏ô,959
‡∏™‡∏≤‡∏£‡∏∞‡πÅ‡∏ô,960
‡∏Ñ‡∏ß‡∏≤‡∏°‡∏Ñ‡∏¥‡∏î‡πÄ‡∏´‡πá‡∏ô,961
‡∏Ñ‡∏ô‡πÉ‡∏ä‡πâ,962
‡∏Ñ‡∏ô‡∏•‡∏∞,963
‡∏≠‡∏∞‡∏ô‡∏∞,964
‡∏Ç‡∏¢‡∏±‡∏ô,965
‡∏õ‡∏£‡∏∞‡πÇ‡∏¢‡∏Ñ,966
‡∏ó‡∏µ‡πà‡∏ô‡∏µ‡πà,967
‡∏ß‡πà‡∏≤‡πÅ‡∏ï‡πà,968
‡πÄ‡∏´‡πâ‡∏≠,969
‡∏£‡πå‡∏ó,970
‡∏ï‡∏∑‡πà‡∏ô‡πÄ‡∏ï‡πâ‡∏ô,971
‡∏Å‡∏£‡∏∞‡∏î‡∏≤‡∏©,972
‡πÑ‡∏ü,973
‡∏•‡∏∏‡∏¢,974
‡∏Ñ‡∏£‡∏∂‡πà‡∏á,975
‡∏´‡∏±‡∏ô,976
‡πÄ‡∏õ‡∏ô,977
‡∏î‡∏≤‡∏£‡∏≤,978
‡πÄ‡∏•‡∏∑‡∏≠‡∏î,979
‡∏•‡∏≤‡∏≠‡∏≠‡∏Å,980
‡∏™‡∏≥‡∏ô‡∏∂‡∏Å,981
‡∏ß‡∏±‡∏ß,982
‡∏ô.,983
‡∏´‡∏±‡∏ß‡∏´‡∏ô‡πâ‡∏≤,984
‡∏õ.,985
‡∏ô‡∏£‡∏Å,986
‡∏°‡∏∏‡∏Å‡∏ï‡∏•‡∏Å,987
‡πÄ‡∏™‡∏µ‡∏¢‡∏î‡∏™‡∏µ,988
‡∏°‡∏µ‡∏õ‡∏£‡∏∞‡πÇ‡∏¢‡∏ä‡∏ô‡πå,989
‡πÄ‡∏´‡∏•‡∏∑‡∏≠‡∏á,990
‡∏õ‡∏£‡∏∞‡∏ï‡∏π,991
‡∏•‡∏±‡∏ö‡∏´‡∏•‡∏±‡∏á,992
‡∏ó‡∏±‡∏Å‡∏©‡∏¥‡∏ì,993
‡∏ß‡∏¥‡∏ô,994
‡∏û‡∏§‡∏ï‡∏¥‡∏Å‡∏£‡∏£‡∏°,995
‡∏à‡∏≠,996
‡πÄ‡∏à‡∏µ‡πä‡∏¢‡∏ö,997
‡∏ó‡∏µ‡∏´‡∏•‡∏±‡∏á,998
‡∏Å‡∏≤‡∏£‡πÄ‡∏°‡∏∑‡∏≠‡∏á,999
‡∏ô‡∏≠,1000
‡∏Å‡∏ß‡∏ô,1001
‡∏ï‡πà‡∏≠‡πÑ‡∏õ,1002
19,1003
‡πÑ‡∏î‡πâ‡∏¢‡∏¥‡∏ô,1004
‡πÄ‡∏ó‡∏™‡πÇ‡∏Å‡πâ,1005
‡∏´‡∏°‡πâ‡∏≠,1006
‡∏ï‡∏≤‡∏¢‡∏î‡∏µ,1007
‡∏û‡∏•‡∏≤‡∏î,1008
‡∏ã‡πà‡∏≤,1009
‡∏≠‡∏£‡πà‡∏≠‡∏¢,1010
‡∏Ñ‡∏≠,1011
‡∏™‡∏±‡∏°‡∏†‡∏≤‡∏©‡∏ì‡πå,1012
‡∏≠‡πã‡∏≠,1013
‡πÄ‡∏à‡∏µ‡∏¢‡∏°‡∏ï‡∏±‡∏ß,1014
‡∏ô‡∏≤,1015
‡∏ö‡∏¥‡∏ô,1016
555555,1017
‡πÑ‡∏î‡πâ‡πÄ‡∏á‡∏¥‡∏ô,1018
‡πÑ‡∏£‡πâ‡∏™‡∏≤‡∏£‡∏∞,1019
‡∏ú‡∏•‡∏õ‡∏£‡∏∞‡πÇ‡∏¢‡∏ä‡∏ô‡πå,1020
‡∏≠‡πà‡∏≤,1021
‡∏ó‡∏≥‡∏ó‡πà‡∏≤,1022
‡∏ï‡∏•‡∏≤‡∏î,1023
‡∏°‡∏µ‡∏ä‡∏µ‡∏ß‡∏¥‡∏ï,1024
‡∏ï‡πâ‡∏°,1025
‡πÄ‡∏õ‡πá‡∏ô‡πÉ‡∏´‡∏ç‡πà,1026
‡∏•‡∏≤‡∏¢‡∏°‡∏∑‡∏≠,1027
‡∏û‡∏£‡∏∞,1028
‡∏™‡∏±‡∏ö‡∏™‡∏ô,1029
‡∏õ‡∏£‡∏∞‡∏¢‡∏∏‡∏ó‡∏ò‡πå,1030
‡∏™‡∏±‡∏Å‡∏ô‡∏¥‡∏î,1031
‡∏Å‡∏£‡∏∞‡πÄ‡∏õ‡πã‡∏≤,1032
‡∏´‡∏±‡∏ô‡πÑ‡∏õ,1033
‡∏£‡∏∏‡πà‡∏ô,1034
‡∏≠‡∏¥‡∏°‡πÄ‡∏°‡∏à,1035
‡∏ü‡∏≠‡∏£‡πå‡∏°,1036
‡∏ß‡∏∏‡∏í‡∏¥‡∏†‡∏≤‡∏ß‡∏∞,1037
‡∏ä‡∏∑‡πà‡∏≠‡∏ß‡πà‡∏≤,1038
‡πÇ‡∏ü‡∏Å‡∏±‡∏™,1039
‡∏à‡∏≤‡∏£,1040
‡∏õ‡∏£‡∏∞‡∏ä‡∏≤‡∏ò‡∏¥‡∏õ‡πÑ‡∏ï‡∏¢,1041
‡∏ó‡∏±‡πâ‡∏á‡∏™‡∏≠‡∏á,1042
‡∏ä‡πà‡∏ß‡∏¢‡∏Å‡∏±‡∏ô,1043
‡πÇ‡∏£‡∏Ñ,1044
‡πÅ‡∏ö‡∏ï,1045
‡∏î‡∏ß‡∏á,1046
‡∏ô‡∏±‡∏Å‡∏£‡πâ‡∏≠‡∏á,1047
‡∏û‡∏£‡∏£‡∏Ñ,1048
‡πÉ‡∏´‡∏ô,1049
‡∏®‡∏±‡∏•‡∏¢‡∏Å‡∏£‡∏£‡∏°,1050
‡πÉ‡∏´‡πâ‡∏≠‡∏†‡∏±‡∏¢,1051
‡∏ö‡∏ß‡∏Å,1052
‡πÄ‡∏õ‡πá‡∏ô‡πÄ‡∏û‡∏∑‡πà‡∏≠‡∏ô,1053
‡∏≠‡∏ß‡∏¢,1054
‡πÅ‡∏ï‡∏∞,1055
‡∏™‡πà‡∏≠‡∏á,1056
‡πÅ‡∏ö‡∏ô,1057
‡∏ß‡∏¥‡∏à‡∏±‡∏¢,1058
‡πÅ‡∏¢‡∏Å,1059
‡∏≠‡∏¥‡∏´‡∏£‡πà‡∏≤‡∏ô,1060
‡πÄ‡∏Ñ,1061
‡∏ß‡πâ‡∏≠‡∏¢,1062
‡∏°‡∏°‡∏≤‡∏Å,1063
‡πÑ‡∏õ‡∏î‡∏π,1064
‡∏™‡∏ô,1065
‡∏û‡∏∑‡πâ‡∏ô,1066
‡πÄ‡∏™‡∏£‡πà‡∏≠,1067
‡∏ä‡∏±‡πâ‡∏ô‡∏ï‡πà‡∏≥,1068
‡∏ß‡∏¥‡∏ä‡∏≤,1069
‡∏û‡∏•‡∏∞,1070
‡∏Ç‡∏µ‡πâ‡πÄ‡∏Å‡∏µ‡∏¢‡∏à,1071
‡∏ã‡πâ‡∏≥‡πÜ,1072
‡∏°‡∏≤‡∏´‡∏≤,1073
‡πÄ‡∏•‡∏µ‡πâ‡∏¢‡∏á,1074
‡∏£‡∏ß‡∏¢,1075
‡∏ô‡∏¥‡∏î‡∏ô‡∏∂‡∏á,1076
‡∏™‡∏≤‡∏°,1077
‡∏à‡∏π‡∏á‡∏°‡∏∑‡∏≠,1078
‡∏ö‡∏∏‡πä‡∏Ñ,1079
‡∏ó‡∏≥‡∏ú‡∏¥‡∏î,1080
‡∏à‡πâ‡∏≠‡∏á,1081
‡∏™‡∏±‡∏Å‡∏û‡∏±‡∏Å,1082
‡∏≠‡∏Å‡πÅ‡∏ï‡∏Å,1083
‡∏Å‡∏£‡∏¥‡∏¢‡∏≤,1084
‡πÅ‡∏•‡πâ‡∏ß‡πÑ‡∏õ,1085
‡∏ó‡∏±‡πâ‡∏á‡∏Ñ‡∏π‡πà,1086
‡∏Å‡πà‡∏≠‡∏ô‡∏ó‡∏µ‡πà,1087
‡∏ä‡∏¥‡∏õ,1088
‡∏î‡∏∑‡πà‡∏°,1089
‡∏™‡∏±‡∏ç‡∏ç‡∏≤,1090
‡∏ó‡∏¥‡πà‡∏°,1091
‡πÅ‡∏™‡∏î‡∏á‡∏Ñ‡∏ß‡∏≤‡∏°‡∏Ñ‡∏¥‡∏î‡πÄ‡∏´‡πá‡∏ô,1092
‡∏î‡∏±‡∏Å‡∏î‡∏≤‡∏ô,1093
‡∏Å‡∏£‡∏∞,1094
‡∏≠‡∏±‡∏î,1095
‡∏ç‡∏µ‡πà‡∏õ‡∏∏‡πà‡∏ô,1096
‡∏Å‡∏£‡∏£‡∏°,1097
‡∏ï‡πâ‡∏ô‡πÄ‡∏´‡∏ï‡∏∏,1098
‡∏à‡∏¥‡∏á‡πÜ,1099
‡∏°.,1100
‡∏≠‡πà‡∏≠‡∏ô,1101
‡πÅ‡∏ó‡∏ô‡∏ó‡∏µ‡πà‡∏à‡∏∞,1102
‡∏ã‡∏∞‡∏á‡∏±‡πâ‡∏ô,1103
‡πÅ‡∏ô‡∏ß‡∏Ñ‡∏¥‡∏î,1104
‡πÄ‡∏Ñ‡∏£‡∏∑‡πà‡∏≠‡∏á,1105
‡πÄ‡∏°‡∏ô,1106
‡πÄ‡∏õ‡∏£‡∏µ‡∏¢‡∏ö‡πÄ‡∏ó‡∏µ‡∏¢‡∏ö,1107
‡∏Å‡∏≤‡∏£‡πÅ‡∏™‡∏î‡∏á,1108
‡∏Å‡∏∞‡πÄ‡∏ó‡∏¢,1109
‡πÄ‡∏õ‡∏£‡∏µ‡πâ‡∏¢‡∏ß,1110
‡πÄ‡∏õ‡πá‡∏ô‡∏ú‡∏π‡πâ‡πÉ‡∏´‡∏ç‡πà,1111
‡∏°‡∏∞,1112
//,1113
‡∏Ñ‡∏ß‡∏≤‡∏°‡∏™‡∏∞‡∏≠‡∏≤‡∏î,1114
‡∏ã‡∏¥,1115
‡πÅ‡∏ã‡πà‡∏ö,1116
‡∏°‡∏±‡πà‡∏ô,1117
‡∏á‡∏≠,1118
‡∏û‡∏£‡∏∞‡πÄ‡∏≠‡∏Å,1119
‡∏û‡∏•‡∏±‡∏á,1120
‡πÄ‡∏´‡∏¢,1121
‡πÅ‡∏≠‡πä‡∏ö,1122
‡πÄ‡∏î‡∏Å,1123
‡∏ó‡∏≠‡∏á,1124
‡∏≠‡∏¥‡∏î,1125
‡∏õ‡∏Å,1126
‡∏°‡∏±‡πà‡∏á,1127
‡∏ï‡∏±‡∏ß‡πÄ‡∏£‡∏≤,1128
‡∏ü‡∏±‡∏á‡πÄ‡∏û‡∏•‡∏á,1129
‡∏ê‡∏≤‡∏ô‡∏∞,1130
‡∏Ç‡πâ‡∏≤‡∏á‡∏ô‡∏≠‡∏Å,1131
‡πÄ‡∏à‡πã‡∏á,1132
‡∏à‡∏£,1133
‡πÄ‡∏®‡∏©,1134
‡πÄ‡∏ï‡∏¥‡∏°,1135
‡∏û‡∏π‡∏î‡∏Ñ‡∏ß‡∏≤‡∏°‡∏à‡∏£‡∏¥‡∏á,1136
‡∏Ñ‡∏∏‡∏°,1137
‡∏ó‡πâ‡∏≠‡∏á,1138
‡∏ü‡πâ‡∏≠‡∏á,1139
‡πÄ‡∏ú‡∏¢,1140
‡∏•‡∏á‡∏°‡∏≤,1141
‡πÄ‡∏Å‡∏£‡∏µ‡∏¢‡∏ô,1142
story,1143
‡πÅ‡∏¢‡πâ,1144
‡∏û‡∏µ‡πà‡∏ô‡πâ‡∏≠‡∏á,1145
‡πÄ‡∏Å‡πà,1146
‡πÄ‡∏´‡∏ô‡∏∑‡∏≠,1147
‡∏ô‡∏≤‡∏¢‡∏û‡∏•,1148
‡∏≠‡∏ã,1149
‡∏ü‡∏¥‡∏ß‡∏™‡πå,1150
‡∏Ç‡∏∂‡πâ‡∏ô‡πÑ‡∏õ,1151
‡πÄ‡∏™‡∏µ‡∏¢‡∏ö,1152
‡∏ï‡πà‡∏≥‡∏Å‡∏ß‡πà‡∏≤,1153
‡∏ß‡∏±‡∏î,1154
‡∏≠‡πâ‡∏≤‡∏á,1155
‡πÄ‡∏™‡∏µ‡∏¢‡∏î‡∏≤‡∏¢,1156
‡∏ï‡∏≠‡∏ô‡∏ó‡∏µ‡πà,1157
‡∏â‡∏ô‡∏ß‡∏ô,1158
500,1159
‡∏≠‡∏°,1160
‡∏ô‡πâ‡∏≥‡∏ï‡∏≤‡πÑ‡∏´‡∏•,1161
‡πÄ‡∏î‡πà,1162
9,1163
‡∏™‡∏≠‡∏á,1164
‡∏ô‡∏¥‡∏ß,1165
‡πÄ‡∏≠‡πÄ‡∏ä‡∏µ‡∏¢,1166
#‡∏°‡∏≠,1167
‡πÄ‡∏ö‡πä‡∏ö,1168
‡∏ú‡∏•‡∏±‡∏Å‡∏†‡∏≤‡∏£‡∏∞,1169
‡∏ú‡∏¥‡∏î‡∏õ‡∏Å‡∏ï‡∏¥,1170
‡∏Å‡∏£‡∏±‡∏Å,1171
‡∏î‡πâ‡∏ß‡∏¢‡πÉ‡∏à,1172
‡πÄ‡∏™‡∏∑‡πâ‡∏≠‡∏ú‡πâ‡∏≤,1173
‡∏£‡πâ‡∏≠‡∏á‡πÄ‡∏û‡∏•‡∏á,1174
‡∏´‡∏ß‡∏±‡πà‡∏ô‡πÑ‡∏´‡∏ß,1175
‡∏°‡∏´‡∏≤‡∏•‡∏±‡∏¢,1176
‡∏Å‡∏±‡∏ô‡∏ó‡∏µ‡πà,1177
‡∏≠‡πà‡∏≠‡∏ô‡πÇ‡∏¢‡∏ô,1178
‡∏≠‡∏¥‡∏à‡∏â‡∏≤,1179
‡∏î‡∏∑‡πâ‡∏≠,1180
exo,1181
‡∏Ñ‡∏ß‡∏ö‡∏Ñ‡∏∏‡∏°,1182
‡πÄ‡∏ú‡∏î‡πá‡∏à‡∏Å‡∏≤‡∏£,1183
‡πÉ‡∏ä‡πâ‡∏≠‡∏≥‡∏ô‡∏≤‡∏à,1184
‡∏ï‡πà‡∏≤‡∏á‡∏Å‡∏±‡∏ô,1185
‡∏ó‡∏≥‡πÉ‡∏à,1186
sexual,1187
‡∏ó‡∏≤‡∏™,1188
‡∏ß‡∏ô,1189
‡∏£‡∏õ‡∏†.,1190
‡πÅ‡∏õ‡∏∞,1191
‡∏Å‡∏•‡∏≤‡∏¢,1192
‡πÄ‡∏õ‡πá‡∏ô‡∏≠‡∏¢‡πà‡∏≤‡∏á‡∏°‡∏≤‡∏Å,1193
‡∏™‡∏µ‡∏ä‡∏°‡∏û‡∏π,1194
‡πÄ‡∏î‡πá‡∏î,1195
‡∏â‡∏≤‡∏Å,1196
‡πÄ‡∏™‡∏ô‡∏≠‡∏´‡∏ô‡πâ‡∏≤,1197
‡πÄ‡∏°‡∏∑‡∏≠‡∏á‡∏ô‡∏≠‡∏Å,1198
‡∏Å‡∏¥,1199
12,1200
‡∏û‡∏∏‡πà‡∏á,1201
‡∏ï‡∏¥‡∏î‡∏ï‡∏≤‡∏°,1202
‡∏ï‡∏±‡∏ß‡∏•‡∏∞‡∏Ñ‡∏£,1203
‡πÄ‡∏õ‡∏¥‡∏î‡πÉ‡∏à,1204
‡πÉ‡∏ä‡πâ‡∏ä‡∏µ‡∏ß‡∏¥‡∏ï,1205
‡∏ö‡∏±‡∏á‡πÄ‡∏≠‡∏¥‡∏ç,1206
‡∏û‡∏±‡∏í‡∏ô‡∏≤,1207
‡∏≠‡∏Ñ‡∏ï‡∏¥,1208
‡∏£‡∏≤‡∏¢‡∏á‡∏≤‡∏ô,1209
‡πÑ‡∏î‡πâ‡∏Ñ‡∏¥‡∏î,1210
‡∏°‡∏µ‡∏î,1211
‡∏°‡πà‡∏ß‡∏á,1212
‡πÉ‡∏™‡πà‡∏£‡πâ‡∏≤‡∏¢,1213
‡∏™‡∏±‡∏á,1214
‡πÄ‡∏Å‡∏ï‡∏∏,1215
‡πÄ‡∏á‡∏µ‡πà‡∏¢‡∏ô,1216
‡∏ä‡πâ‡∏≠‡∏ô,1217
‡πÄ‡∏ö‡∏∑‡πâ‡∏≠‡∏á‡∏´‡∏•‡∏±‡∏á,1218
‡∏°‡∏π‡∏ü,1219
‡πÇ‡∏≠,1220
‡∏ï‡∏≤‡∏¢‡∏´‡πà‡∏≤,1221
‡∏™‡∏≤,1222
‡∏£‡∏π‡∏õ‡∏õ‡∏£‡∏∞‡∏Å‡∏≠‡∏ö,1223
‡πÄ‡∏ß‡∏ô,1224
‡∏à‡∏¥‡∏ï‡∏™‡∏≥‡∏ô‡∏∂‡∏Å,1225
‡πÑ‡∏´‡∏ô‡∏à‡∏∞,1226
‡∏Ñ‡∏ß‡∏≤‡∏°‡πÄ‡∏õ‡πá‡∏ô‡∏ú‡∏π‡πâ‡∏ô‡∏≥,1227
‡∏Ñ‡πâ‡∏≤‡∏ö,1228
‡∏≤,1229
‡∏≠‡πâ‡∏≤‡∏ß,1230
‡∏ï‡∏Å‡πÉ‡∏à,1231
‡∏õ‡∏≤,1232
‡∏ã‡∏µ‡πà,1233
‡∏Ç‡∏±‡∏ö‡∏£‡∏ñ,1234
xiaomi,1235
‡∏ä‡∏ß‡∏ô,1236
‡∏î‡∏≥‡∏ô‡πâ‡∏≥,1237
‡∏ã‡πâ‡∏≠‡∏°,1238
‡∏Å‡∏≤‡∏£‡∏ö‡πâ‡∏≤‡∏ô,1239
‡πÄ‡∏Å‡∏≤‡∏´‡∏•‡∏µ,1240
‡∏£‡∏π,1241
‡∏´‡∏¢‡∏¥‡πà‡∏á,1242
‡πÄ‡∏ö‡∏™,1243
‡πÅ‡∏≠‡∏î‡∏°‡∏¥‡∏ô,1244
‡∏™‡∏±‡∏î,1245
‡∏Ñ‡∏ß‡∏≤‡∏°‡∏™‡∏á‡∏™‡∏±‡∏¢,1246
‡∏ó‡∏±‡πâ‡∏á‡∏ß‡∏±‡∏ô,1247
‡∏Ç‡∏≠‡∏á‡∏Å‡∏¥‡∏ô,1248
‡∏î‡∏∂‡∏á,1249
‡∏î‡∏µ‡πÉ‡∏à,1250
‡∏ó‡∏±‡∏®‡∏ô‡∏Ñ‡∏ï‡∏¥,1251
‡∏≠‡πâ‡∏≠‡∏¢,1252
‡πÑ‡∏£‡πà,1253
‡∏≠‡∏≤‡∏ö‡∏ô‡πâ‡∏≥,1254
‡∏£‡πâ‡∏≤,1255
‡∏´‡∏•‡∏≠‡∏î,1256
‡∏î‡∏π‡∏î,1257
‡πÄ‡∏ó‡∏µ‡∏¢‡∏ö,1258
‡∏°‡∏µ‡πÇ‡∏≠‡∏Å‡∏≤‡∏™,1259
‡∏ö‡∏∏‡∏ç,1260
‡∏•‡∏≤‡∏Å,1261
‡∏≠‡πÄ‡∏°‡∏£‡∏¥‡∏Å‡∏≤,1262
‡∏ü‡∏•‡∏∏‡πâ‡∏Ñ,1263
‡πÅ‡∏Å‡∏∞,1264
‡πÄ‡∏õ‡πá‡∏î,1265
‡∏à‡∏≥‡πÑ‡∏î‡πâ,1266
‡πÄ‡∏ó‡∏µ‡πà‡∏¢‡∏ß,1267
‡πÇ‡∏ñ,1268
‡∏ó‡∏∏‡πà‡∏á,1269
‡πÄ‡∏ß‡∏ô‡πÄ‡∏î‡∏≠‡∏£‡πå,1270
‡∏≠‡∏¢‡∏≤‡∏Å‡πÑ‡∏î‡πâ,1271
‡∏û‡∏±‡πâ‡∏ß,1272
‡∏£‡∏∏‡πà‡∏ô‡∏û‡∏µ‡πà,1273
‡∏î‡∏¥‡πâ‡∏ô,1274
‡∏ò‡∏£,1275
‡∏•‡∏¥‡∏õ,1276
‡∏∞,1277
‡πÉ‡∏ä‡πâ‡πÑ‡∏°‡πà‡πÑ‡∏î‡πâ,1278
‡πÄ‡∏õ‡πá‡∏ô‡∏õ‡∏±‡∏ç‡∏´‡∏≤,1279
pm,1280
‡∏ö‡∏±‡∏á‡∏Ñ‡∏±‡∏ö,1281
‡∏õ‡∏•.,1282
‡πÄ‡∏Æ‡πá‡∏î,1283
‡∏ó‡πà‡∏≠‡∏ô,1284
‡πÄ‡∏û‡∏•‡∏µ‡∏¢,1285
‡πÅ‡∏ñ‡∏ß,1286
‡∏ä‡∏∞‡∏ô‡∏µ,1287
‡∏õ‡∏•‡∏∑‡πâ‡∏°,1288
‡∏Ñ‡∏ô‡∏ü‡∏±‡∏á,1289
‡∏Ç‡∏µ‡πâ‡∏Ç‡∏•‡∏≤‡∏î,1290
‡πÅ‡∏´,1291
‡∏ï‡∏£‡∏á‡∏ô‡∏µ‡πâ,1292
‡∏õ‡∏£‡∏∞‡∏ò‡∏≤‡∏ô,1293
‡πÄ‡∏Ç‡πâ‡∏≤‡πÄ‡∏£‡∏µ‡∏¢‡∏ô,1294
‡πÄ‡∏ï‡∏µ‡πã‡∏¢‡∏ß,1295
‡∏î‡∏µ‡πÄ‡∏à,1296
‡∏ß‡∏¥‡∏ß,1297
‡πÄ‡∏û‡∏∑‡πà‡∏≠‡∏ô‡∏™‡∏ô‡∏¥‡∏ó,1298
‡∏î‡∏¥‡∏â‡∏±‡∏ô,1299
‡∏´‡∏°‡∏∏‡∏ô‡∏£‡∏≠‡∏ö,1300
‡∏´‡∏•‡∏±‡∏ö‡∏ï‡∏≤,1301
‡πÅ‡∏ß‡∏ß‡∏ï‡∏≤,1302
‡πÅ‡∏Ñ‡πâ‡∏ô,1303
‡πÄ‡∏≠‡∏≤‡∏Ñ‡∏∑‡∏ô,1304
‡∏´‡∏ß‡πà‡∏≤,1305
‡∏Ñ‡∏∏‡∏ì‡πÅ‡∏°‡πà,1306
‡πÄ‡∏´‡πà‡∏≠,1307
‡∏ô‡∏£.,1308
‡∏†‡∏≤‡∏û‡∏õ‡∏£‡∏∞‡∏Å‡∏≠‡∏ö,1309
‡∏ï‡∏±‡πâ‡∏á‡∏Å‡∏£‡∏∞‡∏ó‡∏π‡πâ,1310
‡πÑ‡∏≠‡∏ã‡πå,1311
‡∏õ‡∏≤‡∏ô,1312
‡∏™‡∏∞‡πÄ‡∏ó‡∏∑‡∏≠‡∏ô,1313
‡πÄ‡∏ß‡∏•‡∏≤‡∏ß‡πà‡∏≤‡∏á,1314
‡∏ô‡πà‡∏≤‡∏™‡∏á‡∏™‡∏±‡∏¢,1315
‡πÄ‡∏´‡∏°‡∏∑‡∏≠‡∏ô‡∏Å‡∏±‡∏ö,1316
‡∏•‡πá‡∏≠‡∏Ñ,1317
‡∏≠‡∏ô‡∏∏,1318
‡πÑ‡∏õ‡πÄ‡∏ó‡∏µ‡πà‡∏¢‡∏ß,1319
‡∏ï‡∏¥,1320
‡πÄ‡∏≠‡πá‡∏°‡∏ß‡∏µ,1321
‡∏≠‡πà‡∏≠,1322
‡πÄ‡∏ß‡πÄ‡∏ü‡∏≠‡∏£‡πå,1323
‡∏Ñ‡∏£‡∏µ‡∏°,1324
25,1325
‡∏ï‡∏±‡∏ß‡∏î‡∏µ,1326
‡∏ô‡πâ‡∏≠‡∏á‡πÜ,1327
‡∏û‡∏¥‡πÄ‡∏®‡∏©,1328
‡∏ä‡∏±‡πà‡∏ß,1329
‡∏°‡πÇ‡∏ô,1330
‡πÄ‡∏á‡∏¥‡∏ô‡πÄ‡∏î‡∏∑‡∏≠‡∏ô,1331
‡∏Ç‡∏∂‡πâ‡∏ô‡∏Å‡∏±‡∏ö,1332
‡∏´‡πâ‡∏≤‡∏á,1333
‡∏≤‡∏≤‡∏≤,1334
‡∏á‡πà‡∏ß‡∏á,1335
‡∏Ñ‡∏≥‡∏ï‡∏≠‡∏ö,1336
‡∏¢‡∏µ‡πà‡∏´‡πâ‡∏≠,1337
‡∏õ‡∏£‡∏∂‡∏Å‡∏©‡∏≤,1338
‡πÅ‡∏Ç‡∏Å,1339
‡∏Å‡∏≤‡∏£‡∏ö‡∏£‡∏¥‡∏´‡∏≤‡∏£,1340
‡∏°‡∏µ‡πÄ‡∏Å‡∏µ‡∏¢‡∏£‡∏ï‡∏¥,1341
‡∏°‡∏≤‡∏Å‡∏Ç‡∏∂‡πâ‡∏ô,1342
‡πÅ‡∏Å‡πâ‡∏õ‡∏±‡∏ç‡∏´‡∏≤,1343
‡πÄ‡∏£‡∏¥‡πà‡∏°‡∏ï‡πâ‡∏ô,1344
‡∏£‡∏≠‡∏ö‡∏ï‡∏±‡∏ß,1345
‡πÄ‡∏ô‡πá‡∏ï,1346
‡πÄ‡∏õ‡∏•‡∏∑‡∏≠‡∏á,1347
‡∏ï‡∏ö‡∏°‡∏∑‡∏≠,1348
‡∏™‡∏∞‡∏≠‡∏≤‡∏î,1349
‡πÄ‡∏•‡πá‡∏ö,1350
‡∏Ñ‡∏±‡∏ô,1351
‡∏ü‡∏¥‡∏Ñ,1352
‡πÄ‡∏î‡πâ‡∏≠,1353
‡∏ï‡∏°,1354
‡πÄ‡∏à‡πâ‡∏≤‡∏Ç‡∏≠‡∏á,1355
‡∏´‡∏≤‡∏¢‡πÉ‡∏à,1356
‡∏ö‡πà,1357
‡∏õ‡∏¥‡πâ‡∏á,1358
‡∏¢‡∏π‡∏ß‡∏µ,1359
‡∏•‡πâ‡∏°,1360
‡πÅ‡∏ü‡∏£‡πå,1361
‡∏°‡∏µ‡∏™‡πà‡∏ß‡∏ô,1362
‡∏´‡∏≤‡πÄ‡∏á‡∏¥‡∏ô,1363
‡∏à‡∏¥‡∏Å,1364
‡∏†‡∏≤,1365
‡∏Ç‡∏≠‡∏≠‡∏†‡∏±‡∏¢,1366
‡∏Ñ‡∏ß‡∏≤‡∏°‡∏£‡∏π‡πâ,1367
‡∏ô‡∏£‡∏µ,1368
‡∏û‡∏•‡∏≤‡∏¢,1369
‡∏´‡∏¢‡∏≠‡∏Å,1370
‡∏™‡∏±‡∏ô,1371
‡∏Ç‡∏ß‡∏≤‡∏ô,1372
‡∏•‡πà‡∏≤‡∏á,1373
‡πÅ‡∏î‡∏£‡∏Å,1374
‡∏à‡∏±‡∏Å‡∏£‡∏ß‡∏≤‡∏•,1375
‡πÄ‡∏°‡∏¥‡∏á,1376
hiv,1377
‡∏£‡∏∞‡∏¢‡∏≥,1378
"84,000",1379
‡∏û‡∏∏‡∏á,1380
‡πÄ‡∏ä‡∏µ‡∏¢‡∏ß,1381
‡πÄ‡∏ß‡∏•‡∏≤‡πÄ‡∏£‡∏µ‡∏¢‡∏ô,1382
‡∏û‡∏π‡∏î‡πÄ‡∏•‡πà‡∏ô,1383
‡πÅ‡∏´‡πâ‡∏á,1384
‡πÇ‡∏ã‡πÇ‡∏•‡πà,1385
feminine,1386
‡∏°‡∏µ‡∏Ñ‡∏∏‡∏ì‡∏Ñ‡πà‡∏≤,1387
tvpool,1388
‡∏ä‡∏≤‡∏ö‡∏π,1389
‡∏ï‡∏∂‡∏Å,1390
‡∏´‡∏±‡∏ß‡∏Ç‡πâ‡∏≠,1391
‡πÄ‡∏´‡πá‡∏ô‡∏†‡∏≤‡∏û,1392
‡∏ñ‡∏∂‡∏á‡∏ó‡∏µ‡πà‡∏™‡∏∏‡∏î,1393
‡∏ö‡πÅ‡∏£‡∏á,1394
‡∏ï‡∏¥‡πâ‡∏Å,1395
‡∏ï‡πâ‡∏≠,1396
‡∏†‡∏≤‡∏ß‡∏∞‡∏ú‡∏π‡πâ‡∏ô‡∏≥,1397
‡∏Ñ‡∏ß‡πà‡∏≥,1398
‡πÄ‡∏™‡∏∑‡πà‡∏≠‡∏°,1399
‡πÄ‡∏Ñ‡∏™,1400
‡∏°‡∏µ‡∏Ñ‡∏ß‡∏≤‡∏°‡∏´‡∏°‡∏≤‡∏¢,1401
‡∏ó‡∏¥‡∏°,1402
‡∏û‡∏¥‡∏à‡∏≤‡∏£‡∏ì‡∏≤,1403
‡πÄ‡∏•‡∏Ç‡∏≤,1404
‡∏£‡∏π‡∏õ‡∏£‡πà‡∏≤‡∏á,1405
‡πÅ‡∏´‡πà‡∏á‡∏ä‡∏≤‡∏ï‡∏¥,1406
y,1407
‡∏°‡∏µ‡∏Ñ‡πà‡∏≤,1408
‡∏ö‡∏≠‡∏¢,1409
‡∏Æ‡∏∑‡πà‡∏≠,1410
‡πÇ‡∏î‡∏¢‡πÄ‡∏â‡∏û‡∏≤‡∏∞,1411
‡∏´‡∏¥‡∏ß‡∏Ç‡πâ‡∏≤‡∏ß,1412
‡πÇ‡∏ß‡πâ‡∏¢,1413
‡∏à‡∏±‡∏ç‡πÑ‡∏£,1414
‡∏ñ‡∏∏‡∏ô,1415
‡πÑ‡∏≠‡πÇ‡∏ü‡∏ô,1416
"2,500",1417
‡∏´‡∏•‡∏≠‡∏Å‡∏•‡∏ß‡∏á,1418
‡∏Å‡∏£‡∏µ‡πä‡∏î,1419
‡πÇ‡∏ô‡πâ‡∏ô,1420
‡∏Å‡∏π‡πÄ‡∏Å‡∏¥‡πâ‡∏•,1421
‡∏Å‡∏≤‡∏£‡πÄ‡∏£‡∏µ‡∏¢‡∏ô,1422
‡∏õ‡πâ‡∏≠‡∏á‡∏Å‡∏±‡∏ô‡∏ï‡∏±‡∏ß,1423
‡∏°‡πà‡∏≤,1424
‡πÅ‡∏ã‡∏°,1425
‡∏£‡∏∞‡∏ß‡∏±‡∏á‡∏ï‡∏±‡∏ß,1426
‡∏™‡∏±‡∏ï‡∏ß‡πå‡∏õ‡πà‡∏≤,1427
‡∏ä‡∏ô‡∏¥‡∏î,1428
‡∏≠‡∏¥‡∏ô‡πÄ‡∏ï‡∏≠‡∏£‡πå,1429
‡∏ô‡πà‡∏≤‡πÄ‡∏Ñ‡∏≤‡∏£‡∏û,1430
‡πÄ‡∏à‡∏≠‡∏î‡∏µ,1431
‡∏Å‡∏£‡πâ‡∏≤‡∏ô,1432
‡∏Å‡∏∏‡∏ç‡πÅ‡∏à,1433
‡∏°‡∏∂‡∏ô,1434
‡∏Å‡∏é‡∏£‡∏∞‡πÄ‡∏ö‡∏µ‡∏¢‡∏ö,1435
‡∏ô‡∏¥‡∏¢‡∏°,1436
‡∏¢‡∏π‡∏ô‡∏¥‡∏ü‡∏≠‡∏£‡πå‡∏°,1437
‡∏¢‡∏¥‡∏ö,1438
‡∏ñ‡∏∏‡∏á‡πÄ‡∏ó‡πâ‡∏≤,1439
‡∏ó‡∏£‡∏á‡∏ú‡∏°,1440
‡πÅ‡∏°‡∏ó,1441
‡πÅ‡∏ï‡∏∞‡∏ï‡πâ‡∏≠‡∏á,1442
‡∏£‡πà‡∏≤‡∏á,1443
‡∏õ‡∏∏‡πä‡∏ö,1444
‡∏Ñ‡∏≤‡∏ñ‡∏≤,1445
‡∏™‡πà‡∏á‡∏ú‡πà‡∏≤‡∏ô,1446
‡∏•‡∏±‡∏á,1447
‡∏™‡∏°‡πÄ‡∏û‡∏ä,1448
‡πÄ‡∏´‡∏°‡∏µ‡∏¢‡∏ô,1449
‡∏ó‡∏ô‡∏≤‡∏¢,1450
‡πÇ‡∏´‡∏ô,1451
‡∏°‡∏∑‡∏î,1452
‡∏†‡∏≤‡∏©‡∏≤‡πÑ‡∏ó‡∏¢,1453
‡∏°‡∏µ‡∏´‡∏ô‡πâ‡∏≤,1454
‡∏ä‡∏π,1455
‡∏ú‡∏¥‡∏î‡∏û‡∏•‡∏≤‡∏î,1456
‡∏£‡∏∞‡∏ô‡∏≤‡∏ß,1457
‡∏ó‡πà‡∏≤‡∏ó‡∏≤‡∏á,1458
‡∏ó‡∏≤‡∏á‡∏™‡∏±‡∏á‡∏Ñ‡∏°,1459
‡∏≠‡∏∏‡∏™‡∏≤,1460
‡∏Ñ‡∏≤‡∏£‡∏≤‡πÇ‡∏≠‡πÄ‡∏Å‡∏∞,1461
‡∏ï‡∏≠‡∏ö‡πÇ‡∏ï‡πâ,1462
‡πÄ‡∏ä‡∏¥‡∏ç,1463
‡∏ó‡∏£‡∏≤‡∏¢,1464
‡πÅ‡∏ñ,1465
‡∏´,1466
‡∏£‡πâ‡∏≤‡∏¢,1467
‡πÇ‡∏ò‡πà,1468
‡∏Ç‡πÇ‡∏°‡∏¢,1469
‡πÅ‡∏Å‡∏á,1470
‡∏ä‡∏±‡πà‡∏ô,1471
‡∏©‡∏ê‡∏≤,1472
‡∏°‡∏±‡∏ò‡∏¢‡∏°,1473
‡πÑ‡∏ö,1474
‡πÑ‡∏£‡πâ‡∏Ñ‡∏ß‡∏≤‡∏°‡∏™‡∏≤‡∏°‡∏≤‡∏£‡∏ñ,1475
‡∏°‡∏≠‡∏á‡πÄ‡∏´‡πá‡∏ô,1476
‡∏°‡∏π‡∏•,1477
‡∏°‡∏±‡∏ß‡πÅ‡∏ï‡πà,1478
‡∏ó‡∏∞‡πÄ‡∏•,1479
‡∏î‡∏µ‡πÄ‡∏≠‡πá‡∏ô‡πÄ‡∏≠,1480
‡∏£‡∏∏‡∏ô‡πÅ‡∏£‡∏á,1481
‡∏≠‡∏∏‡∏ö‡∏≤‡∏ó‡∏ß‡πå,1482
‡∏™‡∏≤‡∏£‡∏£‡∏π‡∏õ,1483
‡πÄ‡∏£‡∏µ‡∏¢‡∏Å‡∏ä‡∏∑‡πà‡∏≠,1484
‡∏Å‡∏µ‡∏¨‡∏≤,1485
‡∏°‡∏∏‡∏°‡∏°‡∏≠‡∏á,1486
‡∏´‡∏•‡πà‡∏≠‡∏´‡∏•‡∏≠‡∏°,1487
‡∏ö‡∏∏‡πä‡∏Å,1488
bully,1489
‡∏ô‡∏∏‡πâ‡∏¢,1490
‡∏ô‡∏∞‡πÄ‡∏ô‡∏µ‡πà‡∏¢,1491
‡∏à‡∏±‡∏ô‡∏ó‡∏£‡πå,1492
‡∏ñ‡∏≤‡∏ß‡∏£,1493
‡∏´‡∏á‡∏≤‡∏¢,1494
‡∏Å‡∏≤‡∏£‡πå‡∏î,1495
‡∏î‡∏µ‡∏Ç‡∏∂‡πâ‡∏ô,1496
‡∏Æ‡∏∞,1497
‡∏ô‡∏¥‡∏î‡πÄ‡∏î‡∏µ‡∏¢‡∏ß,1498
‡∏ô‡πâ‡∏≥‡∏Å‡∏£‡πà‡∏≠‡∏¢,1499
‡∏Ç‡∏≠‡∏á‡∏à‡∏£‡∏¥‡∏á,1500
‡∏£‡∏±‡∏ï‡∏ô‡πå,1501
‡∏õ‡∏Å‡∏Ñ‡∏£‡∏≠‡∏á,1502
‡πÄ‡∏á‡∏µ‡∏¢‡∏ö‡∏Å‡∏£‡∏¥‡∏ö,1503
‡∏ó‡∏≤‡∏¢,1504
‡∏Ñ‡∏∏‡∏ì‡∏´‡∏ô‡∏π,1505
‡πÅ‡∏ö‡∏Å,1506
29,1507
‡πÇ‡∏Æ,1508
‡∏´‡∏°‡∏≤‡∏¢,1509
84000,1510
‡πÅ‡∏ó‡πâ‡πÜ,1511
‡∏õ‡∏∑‡∏ô,1512
‡∏•‡∏π‡∏Å‡∏™‡∏≤‡∏ß,1513
‡∏™‡∏≤‡∏î,1514
‡∏á‡πâ‡∏≠,1515
‡∏õ‡∏£‡∏∞‡∏ó‡∏±‡∏ö‡πÉ‡∏à,1516
‡∏ä‡∏±‡πâ‡∏ô‡∏™‡∏π‡∏á,1517
‡∏Ñ‡∏ô‡∏ô‡∏≠‡∏Å,1518
‡∏Å‡∏±‡∏á‡∏ß‡∏•,1519
‡πÇ‡∏î‡∏£‡∏ô,1520
‡∏ï‡∏≥‡πÅ‡∏´‡∏ô‡πà‡∏á,1521
‡πÅ‡∏™‡∏î‡∏á‡πÉ‡∏´‡πâ‡πÄ‡∏´‡πá‡∏ô,1522
‡∏£‡∏ì,1523
‡∏ö‡∏£‡∏£‡∏ì,1524
üôÑ,1525
‡πÄ‡∏õ‡πá‡∏ô‡∏´‡πà‡∏ß‡∏á,1526
‡πÅ‡∏≠‡∏•,1527
‡∏û‡∏¥,1528
‡∏≠‡∏∏‡πä,1529
‡∏ä‡πà‡∏ß‡∏¢‡πÑ‡∏°‡πà‡πÑ‡∏î‡πâ,1530
‡∏•‡∏≠‡∏¢,1531
‡∏´‡∏•‡∏±‡∏Å‡∏ê‡∏≤‡∏ô,1532
‡∏Ñ‡∏µ‡∏¢‡πå‡∏ö‡∏≠‡∏£‡πå‡∏î,1533
‡∏ã‡∏±‡∏û‡∏û‡∏≠‡∏£‡πå‡∏ï,1534
‡πÄ‡∏ö‡∏µ‡∏¢‡∏î,1535
‡∏ï‡∏¥‡∏î‡πÉ‡∏à,1536
on,1537
true,1538
‡πÄ‡∏•‡πà‡∏°,1539
‡∏î‡∏µ‡πÅ‡∏ï‡πà,1540
‡πÉ‡∏à‡∏°‡∏≤,1541
‡πÄ‡∏™‡∏¥‡∏£‡πå‡∏ü,1542
‡∏ú‡∏±‡∏ß‡πÄ‡∏°‡∏µ‡∏¢,1543
‡∏™‡∏≤‡∏õ‡πÅ‡∏ä‡πà‡∏á,1544
‡∏ï‡πâ‡∏≠‡∏ô‡∏£‡∏±‡∏ö,1545
‡πÄ‡∏û‡∏∑‡πà‡∏≠‡∏ô‡∏£‡∏±‡∏Å,1546
‡∏≠‡∏µ‡∏Å‡πÑ‡∏°‡πà‡∏ô‡∏≤‡∏ô,1547
‡πÄ‡∏ï‡∏£‡∏µ‡∏¢‡∏°,1548
‡∏Ñ‡∏ß‡∏≤‡∏°‡∏õ‡∏•‡∏≠‡∏î‡∏†‡∏±‡∏¢,1549
‡∏´‡∏≠,1550
(‡∏´‡∏≠,1551
‡∏•‡∏∏‡∏Å,1552
‡∏ï‡∏à,1553
‡∏Å‡πà‡∏≠‡∏ô‡∏ó‡∏µ‡πà‡∏à‡∏∞,1554
‡∏Ñ‡∏ß‡∏≤‡∏°‡πÄ‡∏õ‡πá‡∏ô‡∏Å‡∏•‡∏≤‡∏á,1555
‡∏ï‡∏±‡∏î‡∏´‡∏±‡∏ß,1556
‡πÇ‡∏™‡∏î,1557
‡πÄ‡∏Å‡∏£‡∏µ‡πâ‡∏¢‡∏ß‡∏Å‡∏£‡∏≤‡∏î,1558
‡∏ß‡∏±‡∏¢‡∏ó‡∏≠‡∏á,1559
‡πÇ‡∏£‡πà,1560
‡πÉ‡∏´‡πâ‡∏¢‡∏∑‡∏°,1561
‡∏™‡∏ß‡∏¢‡∏´‡∏£‡∏π,1562
‡∏ó‡∏≥‡∏ö‡∏∏‡∏ç,1563
200,1564
‡∏ô‡πâ‡∏≥‡πÅ‡∏Ç‡πá‡∏á,1565
‡πÄ‡∏õ‡πä‡∏õ‡∏ã‡∏µ‡πà,1566
‡πÄ‡∏ö‡∏•,1567
‡πÑ‡∏ü‡∏ü‡πâ‡∏≤,1568
‡πÄ‡∏´‡∏£‡∏µ‡∏¢‡∏ç,1569
‡∏ü‡∏£‡∏µ,1570
‡πÄ‡∏ã‡∏¥‡∏£‡πå‡∏ü,1571
‡∏à‡∏¥‡∏ö,1572
‡∏£‡∏¥‡∏°,1573
‡∏õ‡∏≠‡∏î,1574
‡∏ó‡∏µ‡πà‡∏™‡∏≤‡∏°,1575
‡∏à‡∏≥‡∏ô‡∏ß‡∏ô,1576
‡∏Å‡∏£‡∏∞‡πÇ‡∏î‡∏î,1577
‡∏ô‡∏±‡∏Å‡∏ß‡∏¥‡∏ä‡∏≤‡∏Å‡∏≤‡∏£,1578
‡πÉ‡∏´‡πâ‡∏Ñ‡∏ß‡∏≤‡∏°‡∏£‡πà‡∏ß‡∏°‡∏°‡∏∑‡∏≠,1579
‡∏´‡∏ô‡∏∏‡πà‡∏°,1580
‡πÄ‡∏£‡∏∑‡πà‡∏≠‡∏á‡∏ï‡∏•‡∏Å,1581
‡∏≠‡∏∂,1582
‡∏ú‡∏ç,1583
‡∏à‡∏±‡∏á‡∏´‡∏ß‡∏∞,1584
‡∏Å‡∏£‡∏∞‡πÅ‡∏ó‡∏Å,1585
‡πÇ‡∏ï‡πä‡∏∞,1586
‡∏ô‡∏±‡∏ö‡∏ß‡∏±‡∏ô,1587
‡∏°‡∏µ‡πÄ‡∏á‡∏¥‡∏ô,1588
‡∏ò,1589
‡∏ô‡∏¥‡πâ‡∏ß,1590
‡∏≠‡∏µ‡∏Å‡∏ó‡∏µ,1591
‡∏£‡∏±‡∏ö‡∏£‡∏π‡πâ,1592
‡πÄ‡∏ï‡∏£‡∏µ‡∏¢‡∏°‡∏ï‡∏±‡∏ß,1593
‡∏™‡∏≤‡πÄ‡∏´‡∏ï‡∏∏,1594
‡∏ò‡∏£‡∏£‡∏°‡∏î‡∏≤‡πÜ,1595
‡πÄ‡∏¢‡∏µ‡πà‡∏¢‡∏°,1596
‡∏°‡∏•‡∏∞,1597
‡∏à‡∏°,1598
sensitive,1599
‡∏ï‡∏∏‡πä‡∏î,1600
‡∏´‡∏°‡∏π‡πà‡∏ö‡πâ‡∏≤‡∏ô,1601
‡∏ú‡∏π‡πâ‡∏î‡∏µ,1602
‡∏õ‡∏£‡∏∞‡∏ß‡∏±‡∏ï‡∏¥,1603
‡πÄ‡∏õ‡∏¥‡∏î‡∏ï‡∏±‡∏ß,1604
‡πÄ‡∏≠‡∏µ‡∏¢‡∏á,1605
‡∏™‡∏≤‡∏ö‡∏≤‡∏ô,1606
‡∏ï‡πå,1607
‡∏≠‡∏¢‡∏π‡πà‡∏ï‡∏±‡∏ß,1608
‡∏™‡∏≥‡∏≠‡∏≠‡∏¢,1609
‡∏°‡∏≤‡∏¢‡∏±‡∏á,1610
‡∏ó‡∏≠‡∏î,1611
‡∏ã‡πâ‡∏≠‡∏á,1612
‡∏õ‡∏µ‡∏ö,1613
/,1614
‡∏Å‡∏≤‡πÅ‡∏ü,1615
‡∏£‡∏µ‡∏ß‡∏¥‡∏ß,1616
‡πÄ‡∏ã‡πÄ‡∏ß‡πà‡∏ô,1617
‡πÇ‡∏´‡∏•,1618
‡πÅ‡∏ã‡πâ‡∏ß!!!,1619
harassment,1620
‡∏á‡πà‡∏∞,1621
‡∏ï‡∏±‡πâ‡∏á‡πÅ‡∏ï‡πà‡πÅ‡∏£‡∏Å,1622
‡∏î‡∏¥‡∏ä‡∏±‡πâ‡∏ô,1623
‡∏°‡∏µ‡∏°,1624
‡∏£‡∏∏‡πâ,1625
‡πÄ‡∏ß‡∏£‡∏Å‡∏£‡∏£‡∏°,1626
‡∏ô‡∏≠‡∏Å‡πÄ‡∏£‡∏∑‡πà‡∏≠‡∏á,1627
‡∏ô‡∏Ñ‡∏∞,1628
‡∏≠‡∏¢‡∏π‡πà‡∏Å‡∏±‡∏ö‡∏ó‡∏µ‡πà,1629
‡∏Å‡∏•‡∏≤‡∏¢‡πÄ‡∏õ‡πá‡∏ô,1630
‡∏´‡∏±‡∏ß‡πÄ‡∏Ç‡πà‡∏≤,1631
‡πÑ‡∏≠‡∏î‡∏≠‡∏•,1632
‡∏ã‡∏≤‡∏ô,1633
‡∏Ñ‡∏∏‡∏Å,1634
‡∏Ç‡∏±‡∏á,1635
!!!!!,1636
‡∏î‡∏ô‡∏ï‡∏£‡∏µ,1637
‡πÄ‡∏ä‡∏µ‡πà‡∏¢‡∏•,1638
‡∏õ‡∏¥‡∏î‡∏´‡∏π‡∏õ‡∏¥‡∏î‡∏ï‡∏≤,1639
‡∏ï‡πâ‡∏ô‡∏ï‡∏≠,1640
‡∏Ç‡πà‡∏°‡∏Ç‡∏π‡πà,1641
‡∏•‡πâ‡∏≤‡∏á,1642
‡∏ô‡∏±‡∏ö‡∏ñ‡∏∑‡∏≠,1643
‡∏ô‡∏±‡∏Å‡∏®‡∏∂‡∏Å‡∏©‡∏≤,1644
‡∏à‡πâ‡∏≤‡∏á,1645
‡∏°‡∏µ‡∏Ñ‡∏£‡∏≠‡∏ö‡∏Ñ‡∏£‡∏±‡∏ß,1646
‡∏°‡∏≤‡∏Å‡πÄ‡∏Å‡∏¥‡∏ô‡πÑ‡∏õ,1647
‡∏ó‡∏±‡∏Å‡∏ó‡∏≤‡∏¢,1648
‡πÄ‡∏°‡∏¥‡∏ô,1649
‡∏î‡∏±‡∏ö,1650
‡∏Ñ‡∏ô‡∏•‡∏∞‡∏ä‡∏±‡πâ‡∏ô,1651
‡∏ö‡∏•‡πá‡∏≠‡∏Å,1652
‡∏ï‡∏≥‡∏ô‡∏≤‡∏ô,1653
‚Äú#,1654
‡∏£‡∏≤,1655
‡∏ó‡πà‡∏≤,1656
‡πÅ‡∏ö‡∏£‡∏ô‡∏î‡πå,1657
‡∏õ‡πâ‡∏≤‡∏¢,1658
‡∏ä‡∏±‡∏Å‡∏ß‡πà‡∏≤‡∏ß,1659
‡∏ä‡∏µ‡πâ‡πÅ‡∏à‡∏á,1660
‡∏Å‡∏±‡∏î,1661
‡πÇ‡∏Ü‡∏©‡∏ì‡∏≤,1662
‡∏•‡∏∞‡∏•‡∏≤‡∏¢,1663
‡∏ó‡∏±‡πâ‡∏á‡πÇ‡∏•‡∏Å,1664
‡∏õ‡∏•‡∏±‡πä‡∏Å‡πÑ‡∏ü,1665
‡∏ú‡∏¥‡∏î‡∏ó‡∏µ‡πà,1666
‡πÄ‡∏Ç‡∏µ‡πâ‡∏¢‡∏ß,1667
‡∏ô‡πâ‡∏≥‡∏ï‡∏≤,1668
‡∏Ñ‡∏•‡∏≠,1669
‡∏£‡∏™‡∏ô‡∏¥‡∏¢‡∏°‡∏ï‡πà‡∏≥,1670
‡∏Ñ‡∏ß‡∏≤‡∏°‡∏´‡∏ß‡∏±‡∏á,1671
‡πÇ‡∏ã‡πÄ‡∏ä‡∏µ‡∏¢‡∏•,1672
‡πÄ‡∏ü‡∏ã,1673
‡∏™‡∏±‡πà‡∏á‡∏Å‡∏≤‡∏£,1674
‡πÅ‡∏ß‡∏∞,1675
‡πÄ‡∏î‡∏¥‡∏ô‡∏ó‡∏≤‡∏á,1676
‡πÄ‡∏ú‡∏∑‡∏≠‡∏Å,1677
‡∏õ‡∏¥‡∏î‡πÑ‡∏°‡πà‡∏°‡∏¥‡∏î,1678
‡πÜ‡πÜ,1679
‡∏≠‡∏≠‡∏Å‡πÄ‡∏™‡∏µ‡∏¢‡∏á,1680
‡∏ô‡∏¥‡πâ‡∏á,1681
‡∏õ‡∏£‡∏∞‡∏ä‡∏î,1682
‡πÇ‡∏≠‡πâ‡πÇ‡∏´,1683
‡∏´‡∏ô‡πâ‡∏≤‡∏´‡∏á‡∏≤‡∏¢,1684
‡πÄ‡∏õ‡πá‡∏ô‡∏≠‡∏¢‡∏π‡πà,1685
‡∏ô‡πà‡∏≠‡∏á,1686
‡∏Å‡∏£‡∏∞‡∏î‡∏≤‡∏ô,1687
‡∏õ‡∏±‡∏Å,1688
‡∏¢‡∏∑‡πà‡∏ô‡∏´‡∏ô‡πâ‡∏≤,1689
‡∏î‡πà‡∏ß‡∏ô,1690
‡∏ö‡∏±‡∏Å,1691
‡∏™‡∏ô‡∏∏‡∏Å‡∏™‡∏ô‡∏≤‡∏ô,1692
‡πÉ‡∏ä‡πâ‡∏Å‡∏≥‡∏•‡∏±‡∏á,1693
‡∏£‡∏π‡πâ‡∏à‡∏±‡∏Å‡∏Ñ‡∏¥‡∏î,1694
‡∏õ‡∏•‡∏π‡∏Å‡∏ù‡∏±‡∏á,1695
‡∏´‡πâ‡∏∞,1696
‡πÄ‡∏õ‡πá‡∏ô‡πÑ‡∏î‡πâ,1697
‡∏•‡∏π‡∏Å‡∏ú‡∏π‡πâ‡∏ä‡∏≤‡∏¢,1698
‡πÄ‡∏≠‡∏¥‡πà‡∏ö,1699
‡∏Ñ‡∏ß‡∏≤‡∏°‡πÄ‡∏ä‡∏∑‡πà‡∏≠,1700
‡∏Å‡πâ‡∏≤‡∏ß,1701
‡∏Ç‡πâ‡∏≤‡∏°,1702
‡∏Ñ‡∏ß‡∏≤‡∏°‡∏û‡∏¢‡∏≤‡∏¢‡∏≤‡∏°,1703
‡∏ú‡∏π‡πâ‡∏ö‡∏£‡∏¥‡∏´‡∏≤‡∏£,1704
‡∏ò‡∏∏‡∏£‡∏Å‡∏¥‡∏à,1705
‡πÉ‡∏´‡πâ‡∏Å‡∏≥‡∏•‡∏±‡∏á‡πÉ‡∏à,1706
‡∏•‡πà‡∏≠‡πÅ‡∏´‡∏•‡∏°,1707
‡∏Å‡∏≤‡∏£‡∏Ç‡πà‡∏°‡∏Ç‡∏∑‡∏ô,1708
‡∏ó‡∏±‡πà‡∏ß‡πÇ‡∏•‡∏Å,1709
‡πÉ‡∏ô‡∏Ç‡∏ì‡∏∞‡∏ó‡∏µ‡πà,1710
‡∏Ñ‡∏ô‡πÇ‡∏á‡πà,1711
‡∏Ñ‡∏ß‡∏≤‡∏°‡∏°‡∏±‡πà‡∏ô‡πÉ‡∏à,1712
‡πÄ‡∏Å‡πá‡∏ö‡∏†‡∏≤‡∏©‡∏µ,1713
‡πÄ‡∏•‡∏µ‡πâ‡∏¢‡∏ß,1714
‡∏ï‡∏£‡∏ß‡∏à,1715
‡∏ú‡∏±‡∏Å‡∏ä‡∏µ‡πÇ‡∏£‡∏¢‡∏´‡∏ô‡πâ‡∏≤,1716
‡πÇ‡∏à‡πä‡∏Å,1717
‡πÄ‡∏°‡∏ô‡∏™‡πå,1718
reply,1719
‡∏ú‡∏•‡∏Å‡∏£‡∏∞‡∏ó‡∏ö,1720
‡πÄ‡∏ô‡πà‡∏≤,1721
‡∏Ñ‡∏±‡∏ó,1722
‡∏≠‡∏∑‡∏°,1723
‡∏Å‡πà‡∏≠,1724
‡∏´‡πâ‡∏≤,1725
‡∏ó‡πâ‡∏≠‡∏á‡∏ü‡πâ‡∏≤,1726
‡πÉ‡∏ï‡πâ‡∏™‡∏∞‡∏î‡∏∑‡∏≠,1727
‡∏ö‡πà‡∏≤‡∏¢,1728
‡πÅ‡∏ñ‡∏•‡∏á,1729
‡πÄ‡∏Ñ‡∏•‡∏µ‡∏¢‡∏£‡πå,1730
‡∏î‡πâ‡∏ß‡∏¢‡∏ï‡∏±‡∏ß‡πÄ‡∏≠‡∏á,1731
‡∏™‡πâ‡∏ô‡∏™‡∏π‡∏á,1732
‡πÇ‡∏™‡πÇ‡∏Ñ‡∏£‡∏Å,1733
‡∏ó‡∏≥‡∏•‡∏≤‡∏¢,1734
‡πÄ‡∏Ç‡πâ‡∏≤‡∏ï‡∏±‡∏ß,1735
‡πÄ‡∏î‡πá‡∏Å‡∏ô‡πâ‡∏≠‡∏¢,1736
‡∏ß‡∏¥‡∏Å‡∏§‡∏ï,1737
‡πÄ‡∏î‡∏≤,1738
‡πÅ‡∏Ç‡∏Å‡∏£‡∏±‡∏ö‡πÄ‡∏ä‡∏¥‡∏ç,1739
‡∏•‡πâ‡∏≠‡πÄ‡∏•‡∏µ‡∏¢‡∏ô,1740
‡πÅ‡∏Ç‡πà‡∏á,1741
‡∏ã‡πâ‡∏≤‡∏¢,1742
‡πÄ‡∏£‡∏∑‡∏≠,1743
‡∏¢‡∏±‡∏¢,1744
‡∏ó‡∏≤‡∏á‡∏≠‡πâ‡∏≠‡∏°,1745
‡∏¢‡∏±‡∏á‡∏Å‡∏±‡∏ö,1746
‡∏ß‡∏≠‡∏£‡πå,1747
‡∏ö‡∏ö,1748
‡πÄ‡∏ä‡πá‡∏Ñ,1749
‡πÄ‡∏Ñ‡∏ô,1750
‡∏ä‡∏¥,1751
‡∏û‡∏≠‡πÑ‡∏î‡πâ,1752
‡∏õ‡∏∏‡πä,1753
‡∏ô‡∏∂‡∏Å‡∏≠‡∏≠‡∏Å,1754
‡∏•‡∏≤‡∏°‡∏õ‡∏≤‡∏°,1755
‡∏•‡∏∏‡πâ‡∏ô,1756
‡∏Å.‡∏û.,1757
‡∏ô‡πà‡∏≤‡∏£‡∏±‡∏á‡πÄ‡∏Å‡∏µ‡∏¢‡∏à,1758
‡∏õ‡∏£‡∏≤‡∏ö,1759
‡∏´‡∏•‡∏≤‡∏ö,1760
‡∏Ç‡∏ß‡∏≤,1761
‡πÑ‡∏ß‡∏ó‡πå,1762
‡∏≠‡∏≤‡∏£‡πå‡∏°,1763
‡∏•‡∏π‡∏Å‡∏õ‡∏∑‡∏ô,1764
‡πÄ‡∏ä‡∏∑‡∏≠‡∏Å,1765
‡∏°‡∏±‡∏ô‡∏™‡∏°‡∏≠‡∏á,1766
‡∏Å‡∏•‡∏±‡∏ö‡∏î‡πâ‡∏≤‡∏ô,1767
‡πÄ‡∏≠‡∏≤‡πÉ‡∏à,1768
‡∏û‡∏¥‡∏ô‡∏≤‡∏®,1769
‡∏Ñ‡∏¥‡∏î‡∏°‡∏≤‡∏Å,1770
‡πÄ‡∏≠‡πá‡∏°,1771
‡πÅ‡∏û‡∏ó,1772
poll,1773
‡∏ò‡∏ô‡∏≤,1774
‡πÄ‡∏™‡∏ô‡∏≠,1775
"...""",1776
‡∏•‡∏∞‡∏°‡∏∏‡∏ô,1777
‡∏ô‡∏∏‡πâ‡∏á,1778
‡∏ó‡∏¥‡∏ô,1779
‡∏≠‡∏∏‡∏ö‡∏≤‡∏ó,1780
‡∏ó‡∏±‡∏Å,1781
‡∏Å‡∏µ‡πâ,1782
‡∏ó‡∏∏‡∏Å‡∏Ñ‡∏£‡∏±‡πâ‡∏á‡∏ó‡∏µ‡πà,1783
‡πÄ‡∏™‡∏µ‡∏¢‡∏™‡∏•‡∏∞,1784
‡πÄ‡∏õ‡πá‡∏ô‡∏ï‡∏±‡∏ß,1785
‡∏û,1786
‡∏´‡∏ô‡πâ‡∏≤‡∏Å‡∏≤‡∏Å,1787
‡∏ö‡πà‡∏≠‡∏ô‡πâ‡∏≥,1788
‡∏™‡∏ß‡∏ô‡∏™‡∏≤‡∏ò‡∏≤‡∏£‡∏ì‡∏∞,1789
happy,1790
‡∏ô‡πâ‡∏≠‡∏á‡∏ä‡∏≤‡∏¢,1791
‡πÄ‡∏ñ‡∏∑‡πà‡∏≠‡∏ô,1792
youtebebers,1793
‡∏ß‡∏≠‡∏ô,1794
2.5,1795
‡πÄ‡∏û‡∏¥‡πà‡∏°‡∏Ç‡∏∂‡πâ‡∏ô,1796
‡∏ß‡∏µ‡πà,1797
‡∏≠‡∏µ‡∏Å‡πÅ‡∏•‡πâ‡∏ß,1798
‡∏ß‡∏±‡∏¢‡∏£‡∏∏‡πà‡∏ô,1799
‡∏´‡∏ß‡∏á,1800
‡∏Ñ‡∏ß‡∏≤‡∏°‡∏™‡∏∏‡∏Ç,1801
‡∏†‡∏π‡∏°‡∏¥‡πÉ‡∏à,1802
‡∏ô‡∏±‡∏Å‡πÄ‡∏Ç‡∏µ‡∏¢‡∏ô,1803
‡∏ß‡πà‡∏≤‡∏ô‡∏≠‡∏ô‡∏™‡∏≠‡∏ô‡∏á‡πà‡∏≤‡∏¢,1804
‡∏ó‡∏±‡∏ö,1805
‡∏ü‡πâ‡∏≤,1806
‡∏ù‡πà‡∏≤‡∏¢‡∏ï‡∏£‡∏á‡∏Ç‡πâ‡∏≤‡∏°,1807
‡∏à‡∏¥‡∏á‡πÇ‡∏à‡πâ,1808
‡πÄ‡∏Å‡πá‡∏ó,1809
‡∏£‡∏£,1810
‡πÄ‡∏•‡∏µ‡∏¢,1811
‡πÜ‚Äã,1812
‡∏ß‡πà‡∏≤‡∏Å‡∏≤‡∏£,1813
‡πÄ‡∏ö‡∏≤‡∏´‡∏ß‡∏≤‡∏ô,1814
‡∏´‡∏¢‡∏±‡∏á,1815
‡∏°‡∏µ‡∏≠‡∏≥‡∏ô‡∏≤‡∏à,1816
‡πÉ‡∏´‡πâ‡∏´‡∏ô‡πâ‡∏≤,1817
‡πÑ‡∏ñ‡∏ô‡∏≤,1818
‡∏´‡∏ß‡∏±‡πà‡∏ô,1819
‡πÑ‡∏£‡πâ‡πÄ‡∏´‡∏ï‡∏∏‡∏ú‡∏•,1820
t,1821
‡∏≠‡∏≤‡∏´‡∏≤‡∏£,1822
‡∏°‡∏µ‡∏ó‡∏≤‡∏á,1823
‡πÉ‡∏î,1824
‡∏™‡πÑ‡∏ï‡∏•‡πå,1825
‡πÄ‡∏à‡∏ô,1826
‡∏•‡∏∏‡∏Ñ,1827
‡∏ô‡πà‡∏≤‡∏î‡∏π,1828
‡∏õ‡∏•‡∏≠‡∏ö‡πÉ‡∏à,1829
‡∏Ñ‡∏ß‡∏≤‡∏°‡∏≠‡πà‡∏≠‡∏ô‡πÅ‡∏≠,1830
‡πÇ‡∏£‡∏á‡∏´‡∏ô‡∏±‡∏á,1831
‡∏ï‡∏Å‡∏•‡∏á,1832
‡πÄ‡∏î‡∏ó,1833
‡∏£‡∏ß‡∏°‡∏û‡∏•,1834
‡∏Ñ‡∏ô‡∏à‡∏ô,1835
‡∏™‡∏∞‡πÉ‡∏à,1836
‡∏õ‡∏±‡πâ‡∏ô,1837
‡∏Ñ‡∏∏‡πâ‡∏°‡∏Ñ‡∏£‡∏≠‡∏á,1838
‡∏ö‡∏∏‡∏Ñ‡∏Ñ‡∏•,1839
‡∏ä‡∏±‡πâ‡∏ô‡∏•‡πà‡∏≤‡∏á,1840
‡∏õ‡∏±‡∏î,1841
‡∏™‡∏±‡∏Å‡∏´‡∏ô‡πà‡∏≠‡∏¢,1842
‡∏ä‡∏±‡∏ß‡∏£‡πå,1843
‡∏Å‡∏£‡∏∞‡∏à‡∏≠‡∏Å,1844
‡∏î‡∏µ‡πÑ‡∏°‡πà‡∏î‡∏µ,1845
‡∏Å‡∏£‡∏∞‡∏î‡∏≤‡∏Å‡∏õ‡∏≤‡∏Å,1846
‡∏Å‡∏∞‡∏•‡∏≤,1847
‡∏à‡∏∞‡πÅ‡∏à‡πâ‡∏á,1848
‡∏à‡∏ö‡∏Å‡∏±‡∏ô,1849
‡πÅ‡∏ó,1850
‡∏á‡∏ß‡∏á,1851
‡∏Å‡∏£‡∏∞‡∏ó‡∏∑‡∏ö,1852
‡∏û‡∏µ‡∏Ñ,1853
‡∏õ‡∏∂‡πä‡∏Å,1854
ü§¶ü§¶,1855
‡πÄ‡∏ô‡∏µ‡∏¢‡∏ô,1856
‡∏™‡∏≤‡∏Ç‡∏≤,1857
‡∏ß‡∏¥‡πÄ‡∏Ñ‡∏£‡∏≤‡∏∞‡∏´‡πå,1858
‡∏ó‡πâ‡∏≤‡∏ß,1859
‡πÄ‡∏õ‡πá‡∏ô‡πÑ‡∏õ‡πÑ‡∏î‡πâ,1860
‡∏ó‡πâ‡∏≤,1861
‡∏Ç‡∏≠‡∏á‡∏Ç‡∏ß‡∏±‡∏ç,1862
‡πÄ‡∏û‡∏µ‡πâ‡∏¢‡∏∞,1863
‡∏•‡∏î‡∏ï‡∏±‡∏ß,1864
‡∏£‡∏∏‡πà‡∏ô‡∏ô‡πâ‡∏≠‡∏á,1865
‡∏ô‡πà‡∏≤‡πÄ‡∏ä‡∏∑‡πà‡∏≠,1866
‡∏´‡∏±‡∏ß‡∏´‡∏á‡∏≠‡∏Å,1867
‡∏û‡∏∏‡∏ó‡∏ò,1868
‡πÄ‡∏≠‡πâ‡∏¢,1869
‡∏õ‡∏∞‡∏ó‡∏∞,1870
‡∏´‡∏ç‡πâ‡∏≤,1871
‡∏™‡∏ï‡∏¥‡∏õ‡∏±‡∏ç‡∏ç‡∏≤,1872
‡∏û‡∏¥‡∏™‡∏π‡∏à‡∏ô‡πå,1873
‡πÉ‡∏à‡∏£‡πâ‡∏≤‡∏¢,1874
‡∏ã‡∏≠‡∏¢,1875
‡∏Å‡∏•‡πâ‡∏≠‡∏á,1876
‡∏û‡∏±‡∏Å‡∏ú‡πà‡∏≠‡∏ô,1877
‡∏´‡∏ô‡πâ‡∏≤‡∏£‡∏∞‡∏£‡∏∑‡πà‡∏ô,1878
‡πÇ‡∏î,1879
‡πÅ‡∏ú‡∏•,1880
‡∏ú‡πà‡∏≤,1881
sympathy,1882
empathy,1883
‡∏ù‡πà‡∏≤,1884
‡πÇ‡∏õ‡∏£‡∏î,1885
‡∏Ñ‡∏≠‡∏ô‡πÄ‡∏ó‡∏ô‡∏ï‡πå,1886
‡∏™‡∏î‡πÉ‡∏™,1887
‡∏î‡πâ‡∏≠‡∏¢,1888
‡∏≠‡∏≠‡∏Å‡∏´‡∏ô‡πâ‡∏≤‡∏≠‡∏≠‡∏Å‡∏ï‡∏≤,1889
‡∏ï‡∏≤‡∏°‡∏´‡∏ô‡πâ‡∏≤‡∏ó‡∏µ‡πà,1890
‡∏Ç‡∏°,1891
‡πÑ‡∏°‡πà‡∏á‡∏±‡πâ‡∏ô,1892
‡∏ä‡∏µ‡πâ,1893
‡πÄ‡∏£‡∏∑‡πà‡∏≠‡∏á‡∏à‡∏£‡∏¥‡∏á,1894
‡∏Å‡∏é‡∏´‡∏°‡∏≤‡∏¢,1895
‡∏ã‡πâ‡∏≠,1896
‡∏ô‡∏¥‡πà‡∏á,1897
‡∏Ñ‡∏£‡∏±‡πâ‡∏á‡πÅ‡∏£‡∏Å,1898
‡∏ä‡∏≤‡∏°,1899
‡∏´‡∏∂,1900
‡πÄ‡∏Å‡∏•‡∏∑‡∏≠,1901
‡∏ù‡∏£‡∏±‡πà‡∏á,1902
‡∏≠‡∏≤‡∏Å‡∏≤‡∏£,1903
‡πÄ‡∏°‡∏ó,1904
‡πÄ‡∏à‡πâ‡∏≤‡∏Ç‡∏≠‡∏á‡∏£‡πâ‡∏≤‡∏ô,1905
‡πÄ‡∏´‡∏ô‡∏∑‡πà‡∏≠‡∏¢‡πÉ‡∏à,1906
‡∏õ‡∏£‡∏∞‡πÇ‡∏¢‡∏ä‡∏ô‡πå,1907
‡∏Ñ‡∏ß‡∏≤‡∏°‡∏´‡∏°‡∏≤‡∏¢,1908
‡πÇ‡∏´‡∏¢,1909
‡∏¢‡∏¢‡∏¢‡∏¢,1910
‡∏´‡∏≤‡∏á,1911
‡πÅ‡∏°‡∏•‡∏á‡∏™‡∏≤‡∏ö,1912
‡∏ù‡∏≠‡∏¢,1913
‡∏Ç‡∏±‡∏î,1914
‡πÅ‡∏Ç‡∏ß‡∏ô,1915
‡πÉ‡∏ä‡πà‡∏õ‡∏∞,1916
‡∏°‡∏≠‡πÄ‡∏ï‡∏≠‡∏£‡πå‡πÑ‡∏ã‡∏Ñ‡πå,1917
‡∏Ñ‡∏ß‡πâ‡∏≤,1918
‡∏•‡∏≤‡∏ö,1919
‡∏Å‡∏∏‡∏°‡∏°‡∏∑‡∏≠,1920
‡∏à‡πä‡∏≤‡∏Å,1921
‡∏Ç‡∏ô‡∏°,1922
‡πÄ‡∏™,1923
‡∏ô‡πà,1924
‡πÅ‡∏î‡∏á,1925
‡∏à‡∏¥‡∏Å‡∏´‡∏±‡∏ß,1926
‡πÅ‡∏•‡∏Å,1927
‡∏ß‡πâ‡∏≤‡∏ß,1928
‡∏ñ‡∏∂‡∏á‡∏ó‡∏µ‡πà,1929
‡∏Å‡∏£‡∏∞‡∏ï‡πà‡∏≤‡∏¢,1930
‡πÄ‡∏õ‡πá‡∏ô‡∏ô‡∏¥‡∏™‡∏±‡∏¢,1931
‡πÑ‡∏î‡πâ‡∏Ç‡πà‡∏≤‡∏ß,1932
‡πÄ‡∏´‡∏°‡∏≤‡∏∞‡∏Å‡∏±‡∏ö,1933
‡∏´‡∏°‡∏≠‡∏Å,1934
‡πÅ‡∏≠‡∏£‡πå,1935
‡πÄ‡∏û‡∏µ‡∏¢‡∏ö,1936
‡πÅ‡∏´‡∏Å‡∏ï‡∏≤,1937
‡∏Ç‡∏≤‡∏î‡πÅ‡∏Ñ‡∏•‡∏ô,1938
‡∏ó‡∏∏‡∏ô‡∏ó‡∏£‡∏±‡∏û‡∏¢‡πå,1939
‡∏ú‡∏≠‡∏°,1940
‡∏•‡∏≤‡∏ß,1941
‡∏ï‡∏≠,1942
‡∏•‡∏≠‡∏¢‡∏ï‡∏±‡∏ß,1943
‡∏ó‡∏±‡∏®,1944
‡πÄ‡∏£‡∏µ‡∏¢‡∏•,1945
‡πÄ‡∏ö‡∏ö‡∏µ‡πã,1946
‡∏Å‡∏ô‡∏Å,1947
‡∏Ñ‡∏∏,1948
‡∏´‡∏∏‡πà‡∏ô‡πÄ‡∏ä‡∏¥‡∏î,1949
‡πÄ‡∏Æ‡∏µ‡∏¢,1950
a,1951
‡∏ô‡πâ‡∏≥‡∏≠‡∏∏‡πà‡∏ô,1952
‡∏¢‡∏¢‡∏¢,1953
‡∏à‡∏°‡∏π‡∏Å,1954
‡∏™‡∏¥‡∏á‡∏´‡πå,1955
‡πÄ‡∏õ,1956
‡∏¢‡∏≠‡∏ô,1957
‡∏≠‡πà‡∏≤‡∏á‡∏ó‡∏≠‡∏á,1958
‡∏à‡∏±‡∏á‡∏´‡∏ß‡∏±‡∏î,1959
‡∏Ñ‡∏∏‡∏Å‡∏Å‡∏µ‡πâ,1960
‡∏ú‡∏¥‡∏î‡∏®‡∏µ‡∏•‡∏ò‡∏£‡∏£‡∏°,1961
‡∏Ñ‡∏≥‡∏ñ‡∏≤‡∏°,1962
‡∏Æ‡∏∏‡∏ô,1963
‡πÄ‡∏™‡πâ‡∏ô,1964
‡πÄ‡∏™‡∏•‡∏µ‡πà‡∏¢‡∏á,1965
‡∏Å‡∏£‡∏∞‡πÄ‡∏î‡πá‡∏ô,1966
‡∏™‡∏≥‡∏ô‡∏±‡∏Å,1967
‡∏î‡πà‡∏≤‡∏Å‡∏•‡∏±‡∏ö,1968
‡∏õ‡∏±‡∏ç‡∏´‡∏≤‡∏Ñ‡∏£‡∏≠‡∏ö‡∏Ñ‡∏£‡∏±‡∏ß,1969
‡∏û‡∏∑‡πâ‡∏ô‡∏ê‡∏≤‡∏ô,1970
‡∏´‡∏•‡∏á‡∏ï‡∏±‡∏ß‡πÄ‡∏≠‡∏á,1971
‡∏•‡∏¥‡∏Ç‡∏™‡∏¥‡∏ó‡∏ò‡∏¥‡πå,1972
‡πÄ‡∏ö‡∏•‡∏≠,1973
‡πÑ‡∏≠‡πà,1974
‡∏ó‡∏≥‡∏£‡πâ‡∏≤‡∏¢‡∏£‡πà‡∏≤‡∏á‡∏Å‡∏≤‡∏¢,1975
tiktok,1976
‡∏≠‡∏¥‡∏≠‡∏¥,1977
‡∏™‡∏≤‡∏ß,1978
‡∏ó‡∏µ‡∏ô‡∏µ‡πâ,1979
‡∏™‡∏≤‡∏£‡∏∞,1980
‡πÄ‡∏™‡∏µ‡∏¢‡∏ä‡∏µ‡∏ß‡∏¥‡∏ï,1981
‡∏ã‡∏¥‡∏á,1982
‡∏£‡∏±‡∏ô,1983
‡∏á‡∏°,1984
‡πÇ‡∏Ñ,1985
‡∏£‡∏ï,1986
‡∏´‡πâ‡∏≤‡∏ß,1987
‡∏≠‡∏¢‡∏π‡πà‡∏î‡∏µ‡πÜ,1988
‡πÄ‡∏î‡πá‡∏Å‡∏î‡∏µ,1989
‡∏Ñ‡∏≤‡∏ö,1990
‡∏ö‡∏±‡∏á‡∏ï‡∏≤,1991
‡∏†‡∏£‡∏£‡∏¢‡∏≤,1992
‡∏≠‡∏≤,1993
‡∏£‡πà‡∏≤‡∏á‡∏Å‡∏≤‡∏¢,1994
‡∏•‡∏¥,1995
‡∏Ç‡πâ‡∏≠,1996
‡∏ö‡∏≤‡∏á‡∏™‡πà‡∏ß‡∏ô,1997
‡∏´‡∏°‡∏±‡πà‡∏ô,1998
‡∏≠‡∏î,1999
‡πÅ‡∏°‡πà‡∏Å‡∏∏‡∏ç‡πÅ‡∏à,2000
‡∏≠‡∏∂‡∏î‡∏≠‡∏±‡∏î,2001
‡∏ï‡πâ‡∏≠‡∏á‡πÇ‡∏ó‡∏©,2002
‡πÄ‡∏•‡∏µ‡πâ‡∏¢‡∏á‡∏î‡∏π,2003
‡∏≠‡∏¥‡∏™‡∏£‡∏∞,2004
‡∏Å‡∏≤‡∏£‡∏£‡∏≠‡∏Ñ‡∏≠‡∏¢,2005
‡∏ä‡∏¥‡∏•,2006
‡πÄ‡∏¢‡πá‡∏ö,2007
‡πÉ‡∏õ,2008
‡∏Ñ‡∏∏‡∏ì‡∏Ñ‡∏£‡∏π,2009
‡∏Å‡πã‡∏≤‡∏Å‡∏±‡πà‡∏ô,2010
‡∏ó‡∏≠‡∏°‡∏ö‡∏≠‡∏¢,2011
‡∏ï‡∏•‡∏≤‡∏î‡∏™‡∏î,2012
‡∏î‡∏±‡∏á‡∏ô‡∏±‡πâ‡∏ô,2013
‡∏™‡∏≤‡∏°‡∏µ,2014
‡∏î‡∏µ‡∏Å‡∏±‡∏ô,2015
‡∏ó‡∏ä‡πå,2016
‡πÇ‡∏î‡∏¢‡πÅ‡∏ó‡πâ,2017
‡πÇ‡∏õ‡∏£‡∏î‡∏¥‡∏ß‡πÄ‡∏ã‡∏≠‡∏£‡πå,2018
‡∏ï‡∏∞,2019
‡∏Ç‡∏≠‡∏á‡πÄ‡∏•‡πà‡∏ô,2020
‡∏ö‡∏∏,2021
‡∏´‡∏•‡∏≤‡∏¢‡πÄ‡∏ó‡πà‡∏≤,2022
‡πÉ‡∏Å‡∏•‡πâ‡πÄ‡∏Ñ‡∏µ‡∏¢‡∏á,2023
‡∏™‡∏°‡∏±‡∏Ñ‡∏£‡∏á‡∏≤‡∏ô,2024
‡∏£‡∏±‡∏á‡πÅ‡∏Ñ,2025
‡∏´‡∏≤‡∏Å‡∏¥‡∏ô,2026
‡∏™‡πà‡∏≠,2027
‡∏°‡∏î‡∏î‡∏≥,2028
‡∏™‡∏π‡∏ç‡πÄ‡∏™‡∏µ‡∏¢,2029
‡∏ï‡∏¥‡∏î‡∏Ñ‡∏∏‡∏Å,2030
‡∏Ñ‡∏≥‡∏ä‡∏°,2031
‡∏Ñ‡∏ß‡∏≤‡∏°‡∏ö‡∏±‡∏ô‡πÄ‡∏ó‡∏¥‡∏á,2032
‡∏Ñ‡∏•‡∏≤‡∏¢‡πÄ‡∏Ñ‡∏£‡∏µ‡∏¢‡∏î,2033
‡∏õ‡∏°,2034
‡∏ï‡∏≥,2035
‡πÄ‡∏Å‡∏£‡∏á‡πÉ‡∏à,2036
‡πÄ‡∏ö‡∏∑‡πâ‡∏≠‡∏á‡∏ö‡∏ô,2037
‡∏≠‡∏≤‡∏Å‡∏≤‡∏®,2038
‡πÑ‡∏ù,2039
‡∏ñ‡∏±‡∏á‡∏Ç‡∏¢‡∏∞,2040
‡∏•‡∏∏,2041
‡πÇ‡∏Å,2042
‡∏™‡∏∑‡πà‡∏≠‡∏Ç‡πà‡∏≤‡∏ß,2043
‡∏Ü‡∏≤‡∏ï‡∏Å‡∏£,2044
‡∏£‡∏™‡∏ô‡∏¥‡∏¢‡∏°,2045
‡∏´‡∏¢‡∏î,2046
‡∏á‡∏∑‡πâ‡∏≠,2047
‡∏´‡∏¥‡∏°‡∏∞,2048
‡πÄ‡∏ó‡πâ‡∏≤,2049
‡∏Ç‡∏ô‡∏™‡πà‡∏á,2050
‡∏ã‡∏≠‡∏ô,2051
‡∏™‡∏ï,2052
‡∏®‡∏û,2053
‡∏Ç‡πà‡∏≠‡∏¢,2054
‡πÄ‡∏Ç‡πà‡∏≤,2055
‡πÄ‡∏´‡∏ô‡∏µ‡∏¢‡∏ß,2056
‡∏°‡∏≤‡∏ï‡∏µ,2057
‡∏Ñ‡∏ß‡∏≤‡∏°‡∏•‡∏±‡∏ö,2058
‡πÑ‡∏ã,2059
‡∏Ñ‡∏ß‡∏±‡∏ô,2060
‡∏ô‡∏®.,2061
‡πÇ‡∏à‡∏°‡∏ï‡∏µ,2062
‡∏≠‡∏±‡∏ö‡∏≠‡∏≤‡∏¢,2063
‡∏°‡∏µ‡∏Ñ‡∏ß‡∏≤‡∏°‡∏£‡∏π‡πâ,2064
‡∏Ç‡πâ‡∏≠‡∏´‡∏≤,2065
‡∏Å‡∏£‡∏∞‡πÄ‡∏ó‡∏µ‡∏¢‡∏°,2066
üòÇ,2067
‡πÑ‡∏ü‡∏•‡πå,2068
‡πÉ‡∏ô‡∏õ‡∏£‡∏∞‡πÄ‡∏ó‡∏®,2069
‡∏£‡∏±‡∏á‡∏™‡∏µ,2070
‡∏™‡∏ß‡∏°‡πÉ‡∏™‡πà,2071
‡∏™‡∏¥‡πâ‡∏á,2072
‡∏ö‡∏µ,2073
‡πÅ‡∏•‡∏Å‡πÄ‡∏á‡∏¥‡∏ô,2074
‡πÄ‡∏ä‡∏¥‡∏î‡∏ä‡∏π,2075
romanticized,2076
‡∏ó‡∏≥‡∏á‡∏≤‡∏ô‡∏´‡∏ô‡∏±‡∏Å,2077
‡∏Å‡∏≤‡∏£‡∏Å‡∏∏‡∏®‡∏•,2078
‡∏¢‡∏Å‡∏¢‡πà‡∏≠‡∏á,2079
‡∏û‡∏•‡∏π,2080
‡∏Ñ‡∏±‡∏™,2081
‡∏ñ‡πà‡∏≤‡∏Ñ‡∏ô,2082
‡∏®‡∏∂‡∏Å,2083
‡∏´‡∏ô‡∏±‡∏Å‡πÉ‡∏à,2084
‡πÄ‡∏ö‡πâ‡∏≤‡∏ï‡∏≤,2085
‡∏™‡∏¥‡∏ó‡∏ò‡∏¥‡∏™‡∏ï‡∏£‡∏µ,2086
‡πÄ‡∏≠‡πã,2087
‡∏ï‡∏≤‡∏ö‡∏≠‡∏î,2088
‡πÄ‡∏Å‡∏•‡∏µ‡∏¢‡∏î‡∏ä‡∏±‡∏á,2089
‡∏ô‡πâ‡∏≥‡πÄ‡∏Ñ‡πá‡∏°,2090
‡πÑ‡∏ï‡∏£‡∏°‡∏≤‡∏™,2091
‡πÄ‡∏õ‡πá‡∏ô‡∏Ñ‡∏£‡∏±‡πâ‡∏á‡πÅ‡∏£‡∏Å,2092
‡∏ß‡∏≤‡∏á‡∏ï‡∏±‡∏ß,2093
‡∏®‡∏π‡∏ô‡∏¢‡πå‡∏Å‡∏•‡∏≤‡∏á,2094
‡∏£‡∏±‡∏Å‡∏™‡∏ß‡∏¢‡∏£‡∏±‡∏Å‡∏á‡∏≤‡∏°,2095
immunology,2096
oxford,2097
‡∏á‡πÜ,2098
‡∏û‡∏£‡∏∞‡∏ò‡∏£‡∏£‡∏°,2099
‡∏ò‡∏£‡∏£‡∏°‡∏Ç‡∏±‡∏ô‡∏ò‡πå,2100
‡∏Ñ‡∏≥‡∏™‡∏≠‡∏ô,2101
‡∏ô‡∏ô‡∏ô‡∏ô‡∏ô,2102
‡∏´‡∏±‡∏ß‡πÄ‡∏£‡∏≤‡∏∞,2103
‡∏Ñ‡∏¥‡∏î‡πÉ‡∏ô‡πÉ‡∏à,2104
energy,2105
‡∏ö‡∏∏‡∏Ñ‡∏•‡∏≤‡∏Å‡∏£,2106
‡∏Ç‡πâ‡∏≤‡∏á‡∏´‡∏•‡∏±‡∏á,2107
‡∏™‡∏ö‡∏ï‡∏≤,2108
‡πÅ‡∏ö‡πä‡∏ß‡∏ö‡∏ô,2109
i,2110
m,2111
not,2112
like,2113
other,2114
girls,2115
‡πÄ‡∏™‡∏∑‡πâ‡∏≠‡∏¢‡∏∑‡∏î,2116
‡∏Å‡∏≤‡∏á‡πÄ‡∏Å‡∏á‡∏¢‡∏µ‡∏ô,2117
‡∏£‡∏≠‡∏á‡πÄ‡∏ó‡πâ‡∏≤‡∏ú‡πâ‡∏≤‡πÉ‡∏ö,2118
masculine,2119
‡∏°‡∏µ‡∏®‡∏±‡∏Å‡∏î‡∏¥‡πå‡∏®‡∏£‡∏µ,2120
‡πÅ‡∏≠‡πã‡∏ß,2121
‡∏ó‡∏µ‡πà‡∏´‡∏ô‡∏∂‡πà‡∏á,2122
‡∏•‡∏¥‡∏ö‡∏•‡∏±‡∏ö,2123
‡πÄ‡∏à‡πâ‡∏≤‡∏ä‡∏π‡πâ,2124
‡∏ï‡πà‡∏ß‡∏¢,2125
‡πÄ‡∏ä‡∏¥‡∏î,2126
‡∏™‡∏∏‡∏á‡∏™‡∏¥‡∏á,2127
‡∏ó‡πâ‡∏≠‡∏õ,2128
‡∏ï‡∏£‡∏á‡∏Å‡∏•‡∏≤‡∏á,2129
‡∏Å‡∏≤‡∏£‡∏≠‡∏ò‡∏¥‡∏ö‡∏≤‡∏¢,2130
‡∏á‡∏π‡πÜ ‡∏õ‡∏•‡∏≤‡πÜ,2131
‡∏´‡∏ô‡πâ‡∏≤‡πÄ‡∏ä‡∏¥‡∏î,2132
‡∏™‡∏°‡∏°‡∏∏‡∏ï‡∏¥,2133
‡∏ß‡∏¥‡∏ç‡∏ç‡∏≤‡∏ì,2134
‡∏£‡∏±‡∏™,2135
‡∏≤‡∏ó,2136
‡∏ß‡∏∏‡∏í‡∏¥,2137
‡∏á‡∏±‡πà‡∏á,2138
‡πÇ‡∏à‡∏£,2139
‡∏•‡∏Å‡∏≤‡∏£,2140
‡∏≠‡πà‡∏≤‡∏á,2141
‡∏≠‡∏¥‡∏á,2142
‡πÅ‡∏ô‡∏ß‡∏Ñ‡∏ß‡∏≤‡∏°‡∏Ñ‡∏¥‡∏î,2143
‡∏Ñ‡∏≥‡∏ö‡∏≠‡∏Å‡πÄ‡∏•‡πà‡∏≤,2144
‡∏™‡∏µ‡∏Ç‡πâ‡∏≤‡∏á,2145
‡∏ñ‡∏•‡∏≠‡∏Å,2146
‡∏£‡∏π‡πâ‡πÄ‡∏ó‡πà‡∏≤,2147
‡∏ó‡∏±‡∏ô‡πÇ‡∏•‡∏Å,2148
‡∏£‡∏µ‡∏ü,2149
‡∏´‡∏±‡∏ß‡∏´‡∏ô‡πâ‡∏≤‡∏û‡∏£‡∏£‡∏Ñ,2150
‡∏ß‡∏≤‡∏£‡∏∞,2151
gen,2152
‡πÅ‡∏°‡πà‡∏°‡∏î,2153
‡∏¢‡∏¢‡∏¢‡∏¢‡∏¢‡∏¢,2154
‡∏Ç‡πâ‡∏≤‡∏ô‡πâ‡∏≠‡∏¢,2155
‡∏®‡∏¥‡∏©‡∏¢‡πå,2156
‡∏ï‡∏≠‡∏ô‡∏à‡∏ö,2157
‡∏ö‡∏ö‡∏ö‡∏ö‡∏ö,2158
‡∏Ñ‡∏µ‡∏¢‡πå,2159
‡∏Å‡∏è,2160
‡πÄ‡∏Å‡∏ì‡∏ë‡πå,2161
‡πÄ‡∏à‡∏£‡∏¥‡∏ç‡∏Å‡πâ‡∏≤‡∏ß‡∏´‡∏ô‡πâ‡∏≤,2162
‡∏ñ‡πà‡∏≠‡∏¢,2163
..‡∏™,2164
‡∏õ‡∏£‡∏∞‡∏Å‡∏≤‡∏®,2165
‡∏û‡∏•‡∏±‡∏™,2166
‡πÄ‡∏ó‡∏¥‡∏£‡πå‡∏ô,2167
‡∏ñ‡πâ‡∏ß‡∏ô,2168
13,2169
‡∏û‡∏§‡∏®‡∏à‡∏¥‡∏Å‡∏≤‡∏¢‡∏ô,2170
‡πÄ‡∏õ‡∏•‡∏∑‡∏≠‡∏á‡πÄ‡∏ß‡∏•‡∏≤,2171
‡πÄ‡∏Å‡∏¥‡∏ô‡∏Ñ‡∏ô,2172
‡∏Å‡∏•‡∏±‡∏ß‡πÄ‡∏°‡∏µ‡∏¢,2173
‡πÇ‡∏≠‡∏ô,2174
what,2175
‡πÄ‡∏ü‡∏µ‡πâ‡∏¢‡∏ß,2176
‡∏¢‡∏±‡πâ‡∏á,2177
‡∏™‡∏≤‡∏¢‡πÄ‡∏•‡∏∑‡∏≠‡∏î,2178
‡∏Ñ‡∏±‡∏ô‡∏à‡∏¥,2179
‡∏£‡∏ñ‡πÑ‡∏ü‡∏ü‡πâ‡∏≤,2180
‡∏õ‡∏≤‡∏Å‡∏£‡πâ‡∏≤‡∏¢,2181
‡∏ß‡∏≤‡∏ô,2182
‡∏°‡∏≤‡∏™‡πÄ‡∏ï‡∏≠‡∏£‡πå,2183
‡πÄ‡∏ä‡∏ü,2184
‡∏™‡∏ï‡∏≤‡∏£‡πå,2185
‡πÄ‡∏õ‡∏•‡∏µ‡πà‡∏¢‡∏ô‡∏£‡∏π‡∏õ,2186
‡πÄ‡∏•‡∏∑‡πâ‡∏≠‡∏¢,2187
‡∏Ñ‡∏∑‡∏ô‡πÄ‡∏á‡∏¥‡∏ô,2188
‡∏ó‡∏µ‡πà‡∏û‡∏±‡∏Å,2189
‡∏¢‡∏∏‡∏ï‡∏¥‡∏ò‡∏£‡∏£‡∏°,2190
‡πÄ‡∏≠‡∏≤‡∏∞,2191
‡∏°‡πà‡∏≤‡∏ï‡∏ö,2192
‡πÄ‡∏õ‡∏∑‡πà‡∏•,2193
‡∏¢‡∏±‡∏ö,2194
‡∏¢‡∏±‡πà‡∏á,2195
‡∏ä‡∏±‡πà‡∏á‡πÉ‡∏à,2196
‡πÄ‡∏ö‡∏∑‡πâ‡∏≠‡∏á,2197
‡∏´‡∏•‡∏±‡∏á‡πÄ‡∏Ç‡∏≤,2198
‡∏≠‡∏ô‡∏∏‡∏£‡∏±‡∏Å‡∏©‡πå,2199
‡πÄ‡∏û‡∏≤‡∏∞‡∏û‡∏±‡∏ô‡∏ò‡∏∏‡πå,2200
‡∏≠‡∏ô‡∏∏‡∏ö‡∏≤‡∏•,2201
‡∏ó‡∏∏‡πâ‡∏°,2202
‡∏•‡πâ‡∏≤‡∏´‡∏•‡∏±‡∏á,2203
‡∏Ñ‡∏•‡∏±‡πà‡∏á,2204
‡∏®‡∏π‡∏ô‡∏¢‡πå‡∏£‡∏ß‡∏°,2205
dm,2206
‡∏Ç‡∏ô‡∏°‡∏õ‡∏±‡∏á‡∏ù‡∏£‡∏±‡πà‡∏á‡πÄ‡∏®‡∏™,2207
‡∏™‡πâ‡∏°‡∏ï‡∏≥,2208
     ,2209
‡πÉ‡∏à‡∏≠‡πà‡∏≠‡∏ô,2210
‡∏Ç‡∏∏‡πà‡∏ô,2211
‡∏Å‡∏•‡∏ö‡πÄ‡∏Å‡∏•‡∏∑‡πà‡∏≠‡∏ô,2212
‡πÄ‡∏Ñ‡∏≤‡∏∞,2213
55555555,2214
‡πÄ‡∏£‡πá‡∏Ñ,2215
‡πÇ‡∏£,2216
‡∏ã‡∏∑‡πà‡∏≠‡∏ï‡∏£‡∏á,2217
‡πÄ‡∏≠‡πã‡∏≠,2218
‡∏ó‡∏µ‡πà‡∏£‡∏ß‡∏°,2219
‡∏ñ‡πà‡∏≤‡∏¢‡∏ó‡∏≠‡∏î,2220
‡∏ò‡∏£‡∏£‡∏°‡∏ä‡∏≤‡∏ï‡∏¥,2221
‡∏™‡∏°‡∏ö‡∏π‡∏£‡∏ì‡πå‡πÅ‡∏ö‡∏ö,2222
‡∏£‡∏∞‡πÄ‡∏ö‡∏µ‡∏¢‡∏ö‡∏ß‡∏¥‡∏ô‡∏±‡∏¢,2223
‡∏≠‡∏≥‡∏ô‡∏≤‡∏à,2224
‡πÄ‡∏Ñ‡∏£‡∏∑‡πà‡∏≠‡∏á‡πÅ‡∏ö‡∏ö,2225
‡πÉ‡∏à‡∏Ñ‡∏ß‡∏≤‡∏°,2226
‡∏ã‡∏±‡∏ö‡πÉ‡∏ô,2227
‡∏´‡∏ô‡πâ‡∏≤‡∏°‡πâ‡∏≤,2228
cm,2229
‡πÄ‡∏ó‡∏ß‡∏î‡∏≤,2230
‡πÇ‡∏°‡πÄ‡∏î‡∏•,2231
‡πÇ‡∏ó‡∏£‡∏ó‡∏±‡∏®‡∏ô‡πå,2232
‡∏≠‡∏≤‡∏ó‡∏¥‡∏ï‡∏¢‡πå,2233
‡∏à‡∏≤‡∏£‡∏µ‡∏ï,2234
~,2235
‡πÄ‡∏Ü‡∏µ‡πà‡∏¢‡∏ô‡∏ï‡∏µ,2236
‡∏î‡∏±‡∏î‡∏ô‡∏¥‡∏™‡∏±‡∏¢,2237
‡∏ã‡∏∏‡∏Å‡∏´‡∏±‡∏ß,2238
‡∏£‡∏±‡∏ö‡πÉ‡∏ä‡πâ,2239
‡∏≠‡∏¢‡∏π‡πà‡∏£‡∏≠‡∏î,2240
‡∏Å‡πç‡∏≤,2241
‡πÄ‡∏à‡πá‡∏á,2242
‡∏Ñ‡∏ß‡∏≤‡∏°‡∏®‡∏£‡∏±‡∏ó‡∏ò‡∏≤,2243
‡πÄ‡∏Æ‡∏á,2244
‡∏ô‡∏≠‡∏Å‡∏õ‡∏£‡∏∞‡πÄ‡∏î‡πá‡∏ô,2245
‡∏™‡∏±‡∏á‡πÄ‡∏Å‡∏ï,2246
‡πÅ‡∏ï‡πà‡∏ï‡πâ‡∏ô,2247
‡∏ô‡πà‡∏≤‡πÄ‡∏ä‡∏∑‡πà‡∏≠‡∏ñ‡∏∑‡∏≠,2248
‡∏≠‡∏•‡πÄ‡∏ß‡∏á,2249
‡∏≠‡∏¥‡∏â‡∏±‡∏ô,2250
‡∏ä‡∏∑‡πà‡∏≠‡πÄ‡∏™‡∏µ‡∏¢‡∏á,2251
‡∏ó‡∏≠‡∏¥,2252
‡∏ñ‡∏∂‡∏á‡∏Ñ‡∏£‡∏≤‡∏ß,2253
‡∏î‡πà‡∏≤‡∏ô,2254
‡∏ï.,2255
‡∏à‡∏ö‡∏ä‡∏µ‡∏ß‡∏¥‡∏ï,2256
‡πÄ‡∏™‡∏ô‡∏µ‡∏¢‡∏î,2257
‡∏´‡∏ô‡πà‡∏≠,2258
‡∏ß‡∏£‡∏±‡πâ‡∏¢,2259
‡πÜ!!,2260
‡∏ö‡∏∏‡∏ç‡∏Ñ‡∏∏‡∏ì,2261
‡∏ô‡∏∂‡∏Å‡∏î‡∏π,2262
‡πÄ‡πÄ‡∏°‡πà‡∏°,2263
‡πÄ‡∏Å‡∏•‡∏µ‡πà‡∏¢,2264
‡∏Å‡∏•‡πà‡∏≠‡∏°,2265
‡∏´‡∏î‡∏´‡∏π‡πà,2266
‡∏Ç‡∏≤‡∏î‡πÉ‡∏à,2267
‡∏Ñ‡∏∏‡∏ì‡∏¢‡∏≤‡∏¢,2268
‡∏à‡∏£‡∏¥‡∏á‡πÉ‡∏à,2269
‡πÄ‡∏õ‡πá‡∏ô‡∏ô‡πâ‡∏≥,2270
‡∏Å‡∏•‡∏≠‡∏á,2271
"3,5,7,9",2272
‡∏ú‡∏±‡∏ô,2273
‡πÄ‡∏õ‡πá‡∏ô‡∏≠‡∏¥‡∏™‡∏£‡∏∞,2274
‡∏á‡πà‡∏≤‡∏¢‡∏î‡∏≤‡∏¢,2275
‡∏£‡∏π‡πâ‡πÄ‡∏ó‡πà‡∏≤‡πÑ‡∏°‡πà‡∏ñ‡∏∂‡∏á‡∏Å‡∏≤‡∏£‡∏ì‡πå,2276
‡πÄ‡∏õ‡∏≠‡∏£‡πå,2277
‡∏ç‡∏≤‡∏ï‡∏¥‡∏û‡∏µ‡πà‡∏ô‡πâ‡∏≠‡∏á,2278
‡πÅ‡∏ï‡πà‡∏•‡∏∞‡∏Ñ‡∏ô,2279
‡∏ä‡πà‡∏≤‡∏á,2280
‡πÅ‡∏•‡∏î‡∏π,2281
‡∏Ç‡∏≤‡∏î‡∏™‡∏≤‡∏£‡∏≠‡∏≤‡∏´‡∏≤‡∏£,2282
‡∏û‡∏±‡∏í‡∏ô‡∏≤‡∏Å‡∏≤‡∏£,2283
‡∏°‡∏¥‡∏´‡∏ô‡∏≥‡∏ã‡πâ‡∏≥,2284
‡∏≠‡∏≤‡∏´‡∏≤‡∏£‡∏Å‡∏•‡∏≤‡∏á‡∏ß‡∏±‡∏ô,2285
‡∏´‡∏¢‡∏ß‡∏Å,2286
‡∏Å‡∏•‡πâ‡∏ß‡∏¢,2287
‡∏Å‡∏≤‡∏Å‡πÄ‡∏û‡∏ä‡∏£,2288
‡∏Ñ‡∏ß‡∏≤‡∏°‡∏™‡∏ß‡∏¢‡∏á‡∏≤‡∏°,2289
‡∏´‡∏•‡∏á,2290
‡πÄ‡∏ä‡∏µ‡πâ‡∏¢,2291
‡∏Ç‡∏≤‡∏ô‡∏ä‡∏∑‡πà‡∏≠,2292
‡∏≠‡∏¥‡∏™‡∏•‡∏≤‡∏°,2293
‡∏°‡∏≠‡∏á‡∏ï‡∏≤‡∏°,2294
‡πÑ‡∏î‡πâ‡πÄ‡∏£‡∏∑‡πà‡∏≠‡∏á,2295
‡∏™‡∏≠‡∏î‡∏£‡∏π‡πâ,2296
‡∏ï‡πâ‡∏ô‡∏â‡∏ö‡∏±‡∏ö,2297
‡∏Å‡∏£‡∏∞‡πÇ‡∏õ‡∏£‡∏á,2298
‡πÄ‡∏ï‡πà‡∏á,2299
‡∏≠‡∏∏‡∏ö,2300
‡πÅ‡∏´‡∏Å‡∏Ç‡∏µ‡πâ‡∏ï‡∏≤,2301
‡∏ï‡πâ‡∏ô,2302
‡∏ú‡∏¥‡∏ß‡∏Ñ‡∏•‡πâ‡∏≥,2303
‡πÄ‡∏ü‡∏¥‡∏£‡πå‡∏ô,2304
‡∏Æ‡∏¥‡∏õ‡πÇ‡∏õ,2305
‡∏ï‡∏±‡∏ß‡∏ï‡∏•‡∏Å,2306
‡πÅ‡∏á‡πà,2307
‡πÅ‡∏á‡πà‡∏ö‡∏ß‡∏Å,2308
‡∏Æ‡∏∂‡∏î,2309
‡∏Å‡∏•‡∏±‡πâ‡∏ô‡πÉ‡∏à,2310
‡∏≠‡∏¥‡∏Ñ‡∏¥‡∏ô,2311
‡∏¢‡πå‡∏≠‡∏¥,2312
‡πÄ‡∏Ñ‡∏£‡∏∑‡πà‡∏≠‡∏á‡∏î‡∏∑‡πà‡∏°,2313
‡∏ß‡∏±‡∏ô‡∏ß‡∏≤‡∏ô,2314
‡∏à‡πà‡∏≤,2315
sevice,2316
‡∏ï‡∏£‡∏á‡∏´‡∏ô‡πâ‡∏≤,2317
body,2318
‡∏•‡∏∞‡πÄ‡∏°‡∏¥‡∏î‡∏•‡∏¥‡∏Ç‡∏™‡∏¥‡∏ó‡∏ò‡∏¥‡πå,2319
‡∏ß‡πà‡∏≤‡∏Å‡∏•‡πà‡∏≤‡∏ß,2320
‡∏õ‡πÜ,2321
‡∏ß‡∏±‡∏ô‡∏¢‡∏±‡∏á‡∏Ñ‡πà‡∏≥,2322
‡∏ó‡∏£‡∏°‡∏≤‡∏ô,2323
‡∏´‡∏°‡πà‡∏≥,2324
‡πÄ‡∏≠‡∏≤‡∏ä‡∏ô‡∏∞,2325
‡πÄ‡∏´‡∏¢‡∏µ‡∏¢‡∏î‡∏´‡∏¢‡∏≤‡∏°,2326
‡∏ó‡∏≤‡∏á‡πÄ‡∏û‡∏®,2327
‡∏á‡∏¥‡πâ‡∏á,2328
‡∏£‡∏ó,2329
‡πÄ‡∏Ñ‡πá‡∏°,2330
‡∏≠‡∏ò‡∏¥‡∏©‡∏ê‡∏≤‡∏ô,2331
‡πÄ‡∏û‡∏µ‡πâ‡∏¢‡∏á,2332
‡∏Ç‡∏≤‡∏ß,2333
‡∏Ç‡πâ‡∏≠‡∏ú‡∏¥‡∏î‡∏û‡∏•‡∏≤‡∏î,2334
‡πÄ‡∏Ñ‡∏°‡∏µ,2335
‡∏°‡∏°.,2336
‡∏ü‡∏π,2337
‡∏•‡∏ü‡∏¥‡∏•,2338
‡∏•‡∏π‡∏Å‡∏õ‡∏£‡∏∞‡∏Ñ‡∏ö,2339
‡∏•‡∏±‡πà‡∏ô‡∏ó‡∏°,2340
google,2341
‡πÄ‡∏•‡∏ß‡∏£‡πâ‡∏≤‡∏¢,2342
‡∏î‡∏π‡∏ó‡πà‡∏≤,2343
‡∏â‡∏µ‡∏î‡∏¢‡∏≤,2344
‡πÄ‡πÄ‡∏ö‡∏ö,2345
‡∏™‡∏¥‡πâ‡∏ô‡πÄ‡∏õ‡∏•‡∏∑‡∏≠‡∏á,2346
‡∏ï‡∏¥‡πä‡∏á,2347
‡∏á!,2348
‡∏Å‡∏≤‡∏£‡∏£‡∏±‡∏Å‡∏©‡∏≤,2349
‡πÄ‡∏≠‡∏ß,2350
‡∏≤‡∏≤‡∏≤‡∏≤,2351
‡∏Å‡∏¥‡∏ô‡∏Å‡∏±‡∏ô,2352
‡∏Å‡∏£‡∏∞‡∏ó‡∏∑‡∏ö‡πÄ‡∏ó‡πâ‡∏≤,2353
kfc,2354
‡∏ß‡∏¥‡∏á,2355
‡∏ã‡πå,2356
34,2357
‡∏û‡∏¥‡∏£‡∏∏‡∏ò,2358
‡∏°‡∏≤‡∏¢,2359
‡∏¢‡∏π‡πà,2360
‡πÑ‡∏°‡∏Ñ‡πå,2361
‡∏ö‡∏á,2362
subtitles,2363
‡∏´‡∏•‡∏á‡∏£‡∏±‡∏Å,2364
‡∏•‡∏°,2365
‡πÄ‡∏ü‡∏£‡∏ô,2366
‡πÅ‡∏°‡πà‡∏ó‡∏±‡∏û,2367
‡∏≠‡∏∏‡πä‡∏ö,2368
‡∏Ñ‡∏∑‡∏î,2369
‡∏á‚Äã,2370
‡πÅ‡∏°‡∏ó‚Äã,2371
‡∏≠‡∏∏‡πä‡∏¢,2372
‡∏õ‡∏•‡πâ‡∏ô,2373
‡πÇ‡∏î‡∏¢‡∏ó‡∏µ‡πà,2374
‡∏™‡∏≤‡∏¢‡∏ó‡∏¥‡πâ‡∏á,2375
&,2376
‡∏ô‡∏≤‡∏á‡∏û‡∏¢‡∏≤‡∏ö‡∏≤‡∏•,2377
‡∏™‡πà‡∏á‡∏ú‡∏•,2378
‡∏•‡∏≥‡∏ö‡∏≤‡∏Å‡πÉ‡∏à,2379
‡∏≠‡∏¢‡πà‡∏£,2380
‡∏Ñ‡∏ß‡∏≤‡∏°‡∏£‡πâ‡∏≠‡∏ô,2381
‡∏ú‡∏π‡πâ‡∏£‡πâ‡∏≤‡∏¢,2382
‡∏Ñ‡∏ß‡∏≤‡∏°‡πÅ‡∏ï‡∏Å‡∏ï‡πà‡∏≤‡∏á,2383
darkside,2384
‡∏Ñ‡∏•‡πâ‡∏≤‡∏¢‡πÜ,2385
‡∏ä‡πà‡∏≤‡∏á‡∏™‡∏±‡∏á‡πÄ‡∏Å‡∏ï,2386
‡∏ñ‡πà‡∏≤‡∏¢‡∏†‡∏≤‡∏û,2387
‡∏™‡∏ñ‡∏≤‡∏ô‡∏µ,2388
‡∏£‡∏ñ‡πÑ‡∏ü‡πÉ‡∏ï‡πâ‡∏î‡∏¥‡∏ô,2389
‡∏•‡∏≠‡∏ô‡∏î‡∏≠‡∏ô,2390
‡∏≠‡∏±‡∏á‡∏Å‡∏§‡∏©,2391
‡∏Ç‡∏ô‡∏°‡∏õ‡∏±‡∏á,2392
‡∏´‡∏•‡πà‡∏ô,2393
‡∏ä‡πà‡∏≤‡∏á‡∏†‡∏≤‡∏û,2394
‡πÑ‡∏î‡πâ‡∏£‡∏±‡∏ö‡∏ö‡∏≤‡∏î‡πÄ‡∏à‡πá‡∏ö,2395
‡∏•‡πâ‡∏°‡∏ï‡∏≤‡∏¢,2396
‡∏Ñ‡∏ß‡∏≤‡∏°‡∏ù‡∏±‡∏ô,2397
‡∏£‡∏π‡πâ‡∏î‡∏µ,2398
‡∏™‡∏∏‡πÄ‡∏ó‡∏û,2399
‡∏û‡∏•‡πÄ‡∏≠‡∏Å,2400
‡πÄ‡∏ô‡∏ß‡∏¥‡∏ô,2401
‡∏ß‡∏≤‡∏á‡πÅ‡∏ú‡∏ô,2402
‡∏´‡πâ‡∏≠‡∏¢,2403
‡∏°‡∏´‡∏≤‡∏î‡πÑ‡∏ó‡∏¢,2404
‡πÄ‡∏ä‡∏∑‡∏≠‡∏î‡πÑ‡∏Å‡πà‡πÉ‡∏´‡πâ‡∏•‡∏¥‡∏á‡∏î‡∏π,2405
‡∏£‡πâ‡∏≠‡∏¢‡∏ó‡∏±‡πâ‡∏á‡∏£‡πâ‡∏≠‡∏¢,2406
‡∏õ‡∏∏‡πâ‡∏¢,2407
!!!!!!!!!,2408
‡∏à‡∏≠‡∏î,2409
‡∏Ñ‡∏π‡πà‡∏Å‡∏£‡∏ì‡∏µ,2410
base,2411
‡πÇ‡∏£‡∏Ñ‡∏à‡∏¥‡∏ï,2412
‡∏¢‡∏∑‡∏°,2413
‡∏¢‡∏±‡∏á‡∏Å‡∏∞,2414
‡∏®‡∏¥‡∏•‡∏≤,2415
‡πÄ‡∏ã‡∏µ‡∏¢‡∏•,2416
‡πÄ‡∏õ‡πá‡∏ô‡∏ó‡∏µ‡πà‡∏ï‡∏±‡πâ‡∏á,2417
‡∏Ñ‡∏•‡∏±‡∏ö,2418
‡∏ö‡∏•‡πá‡∏≠‡∏Ñ,2419
‡∏£‡∏≤‡∏á‡∏ß‡∏±‡∏•,2420
‡∏™‡∏Å‡πâ‡∏≤,2421
‡∏û‡∏£‡∏∞‡∏£‡∏≤‡∏°,2422
‡πÄ‡∏°‡∏Ü,2423
cambodia,2424
top,2425
thai,2426
brands,2427
‡∏§‡∏ó‡∏ò‡∏¥‡πå,2428
‡∏à‡∏∏‡πä‡πÜ,2429
‡∏õ‡∏£‡∏±‡∏ö‡∏õ‡∏£‡∏∏‡∏á,2430
‡∏ô‡∏≤‡∏¢‡∏û‡∏±‡∏ô,2431
gaeko,2432
mq,2433
‡∏ß‡∏á‡πÅ‡∏´‡∏ß‡∏ô,2434
‡∏î‡∏≤‡∏ß‡πÄ‡∏™‡∏≤‡∏£‡πå,2435
‡∏™‡∏±‡∏°‡∏Ø,2436
‡∏ö‡∏£‡∏¥‡∏´‡∏≤‡∏£‡∏ö‡πâ‡∏≤‡∏ô‡πÄ‡∏°‡∏∑‡∏≠‡∏á,2437
‡∏¢‡∏∏‡∏ó‡πÇ‡∏ò‡∏õ‡∏Å‡∏£‡∏ì‡πå,2438
‡∏õ‡∏ä‡∏ä,2439
‡πÄ‡∏•‡∏∑‡∏≠‡∏Å‡∏ï‡∏±‡πâ‡∏á,2440
62,2441
‡∏™‡∏°‡πÉ‡∏à‡∏≠‡∏¢‡∏≤‡∏Å,2442
‡∏õ‡∏•‡∏≤‡∏¢,2443
‡∏Å‡πâ‡∏≠‡∏¢,2444
5555555555555,2445
‡πÄ‡∏ã‡πá‡∏ï,2446
‡∏≠‡πâ‡∏≤‡∏á‡∏ß‡πà‡∏≤,2447
‡∏ô‡∏≤‡∏õ‡∏µ,2448
‡∏Å‡∏±‡∏ô‡∏¢‡∏≤,2449
‡πÄ‡∏õ‡πá‡∏ô‡∏´‡∏ô‡∏µ‡πâ‡πÄ‡∏õ‡πá‡∏ô‡∏™‡∏¥‡∏ô,2450
‡∏´‡∏ô‡∏µ‡πâ,2451
‡∏à‡∏≥‡∏®‡∏µ‡∏•,2452
‡∏ô‡∏Å‡∏õ‡∏•‡πà‡∏≠‡∏¢,2453
‡∏Å‡∏£‡∏≤‡∏ö,2454
‡∏•‡∏π‡πà,2455
‡πÄ‡∏á‡∏¥‡∏ô‡∏Å‡∏π‡πâ,2456
‡∏Å‡∏π‡πâ,2457
3500,2458
‡∏ï‡∏±‡∏ß‡πÄ‡∏°‡∏µ‡∏¢,2459
‡∏Ñ‡∏î‡∏µ,2460
‡∏â‡πâ‡∏≠‡πÇ‡∏Å‡∏á,2461
‡∏£‡πâ‡∏≠‡∏¢,2462
‡∏Ñ‡∏∞‡πÅ‡∏ô‡∏ô‡πÄ‡∏ï‡πá‡∏°,2463
‡πÄ‡∏´‡∏¢‡∏∑‡πà‡∏≠,2464
‡∏ö‡∏±‡∏ï‡∏£,2465
5500,2466
‡∏Ç‡∏µ‡πâ‡πÄ‡∏•‡πá‡∏ö,2467
‡∏°‡πå,2468
‡πÇ‡∏£‡∏Ñ‡∏ï‡∏¥‡∏î‡∏ï‡πà‡∏≠,2469
‡πÄ‡∏î‡∏µ‡πâ‡∏¢,2470
moon,2471
‡∏Ç‡∏¢‡∏µ‡πâ‡∏ï‡∏≤,2472
moba,2473
555555555555555,2474
‡∏Ñ‡∏ß‡∏≤‡∏°‡∏ß‡∏∏‡πà‡∏ô‡∏ß‡∏≤‡∏¢,2475
‡πÄ‡∏à‡πâ‡∏≤‡∏ï‡∏±‡∏ß,2476
‡πÑ‡∏ß‡∏ô‡πå,2477
‡∏ó‡∏∞‡πÄ‡∏•‡∏™‡∏≤‡∏ö,2478
‡πÄ‡∏¢‡∏≠‡∏£‡∏°‡∏±‡∏ô,2479
‡∏ô‡πâ‡∏≥‡∏°‡∏π‡∏Å,2480
‡πÑ‡∏´‡∏•,2481
‡∏û‡∏±‡∏á‡∏û‡∏¥‡∏ô‡∏≤‡∏®,2482
‡∏á‡∏±‡∏ö,2483
‡∏†‡∏≤‡∏û‡∏•‡∏±‡∏Å‡∏©‡∏ì‡πå,2484
‡πÄ‡∏Å‡πã,2485
‡∏Ç‡πâ‡∏≠‡πÄ‡∏™‡∏ô‡∏≠,2486
‡πÄ‡∏≠‡∏Å‡∏ä‡∏ô,2487
‡∏ä‡πà‡∏ß‡∏¢‡∏ï‡∏±‡∏ß‡πÄ‡∏≠‡∏á,2488
‡∏£‡∏π‡πâ‡πÄ‡∏Ç‡∏≤‡∏£‡∏π‡πâ‡πÄ‡∏£‡∏≤,2489
‡πÅ‡∏Ç‡πá‡∏á‡πÅ‡∏£‡∏á,2490
‡∏õ‡πä‡∏∞‡∏Å‡∏±‡πã‡∏ô,2491
‡∏ä‡πà‡∏ß‡∏¢‡∏î‡∏π‡πÅ‡∏•,2492
fighting,2493
‡∏î‡∏≤‡∏ß‡∏£‡∏∏‡πà‡∏á,2494
‡∏ï‡∏∞‡∏ß‡∏±‡∏ô,2495
‡∏ê‡∏¥‡∏ï‡∏¥,2496
‡∏†‡∏π‡∏°‡∏¥,2497
‡∏Ñ‡∏ß‡∏≤‡∏°‡∏™‡∏≥‡πÄ‡∏£‡πá‡∏à,2498
‡∏Ñ‡∏≤‡∏î‡∏Ñ‡∏¥‡∏î,2499
‡∏£‡∏π‡πâ‡∏™‡∏∂‡∏Å‡∏ï‡∏±‡∏ß,2500
‡πÑ‡∏î‡πâ‡∏£‡∏±‡∏ö‡∏Ñ‡∏ß‡∏≤‡∏°‡πÄ‡∏î‡∏∑‡∏≠‡∏î‡∏£‡πâ‡∏≠‡∏ô,2501
‡∏•‡πâ‡∏≥,2502
‡∏õ‡∏è‡∏¥‡∏ó‡∏¥‡∏ô,2503
‡∏ß‡∏±‡∏ô‡∏≠‡∏≤‡∏ó‡∏¥‡∏ï‡∏¢‡πå,2504
‡∏•‡∏∏‡πâ,2505
‡∏´‡πâ‡∏≤‡∏ß‡∏´‡∏≤‡∏ç,2506
‡∏Ç‡πà‡∏°,2507
‡πÄ‡∏≠‡∏≤‡πÄ‡∏•‡∏¢,2508
‡∏´‡∏∑‡πâ‡∏°,2509
‡∏õ‡∏£‡∏∞‡∏à‡∏≥‡∏ä‡∏≤‡∏ï‡∏¥,2510
‡∏ã‡∏ü,2511
‡∏û‡∏£‡∏µ‡πÄ‡∏ã‡∏ô‡∏ï‡πå,2512
‡πÇ‡∏Ç‡∏ô,2513
‡∏ß‡∏¥‡∏ó‡∏¢‡πå,2514
‡∏õ‡∏ß‡∏™,2515
‡∏´‡∏•‡∏±‡∏á‡∏à‡∏≤‡∏Å‡∏ô‡∏±‡πâ‡∏ô,2516
‡∏ñ‡∏≤,2517
‡∏°‡∏≠‡∏á‡∏Ç‡πâ‡∏≤‡∏°,2518
‡πå‡∏•‡∏á,2519
playlist,2520
‡πÑ‡∏´‡∏£‡πà,2521
‡∏à‡πà‡∏≤‡∏¢‡πÄ‡∏á‡∏¥‡∏ô‡πÄ‡∏î‡∏∑‡∏≠‡∏ô,2522
‡∏•‡∏π‡∏Å‡∏ô‡πâ‡∏≠‡∏á,2523
‡∏û‡∏≤‡∏¢‡∏∏,2524
toxic,2525
masculinity,2526
‡πÄ‡∏Ç‡πâ‡∏°‡πÅ‡∏Ç‡πá‡∏á,2527
‡πÅ‡∏™‡∏î‡∏á‡∏ó‡πà‡∏≤‡∏ó‡∏≤‡∏á,2528
‡∏≠‡πà‡∏≠‡∏ô‡∏´‡∏ß‡∏≤‡∏ô,2529
‡πÇ‡∏ü‡∏ö,2530
‡∏®‡∏±‡∏ï‡∏£‡∏π,2531
patriarchy,2532
‡∏≠‡∏¢‡πà‡∏≤‡∏á‡∏ß‡πà‡∏≤,2533
‡∏õ‡∏£‡∏¥‡∏ö‡πÜ,2534
‡πÄ‡∏Ñ‡πâ‡∏≤‡πÄ‡∏£‡∏∑‡πà‡∏≠‡∏á,2535
‡∏ä‡∏µ,2536
‡∏´‡∏ß‡∏∑‡∏≠‡∏´‡∏ß‡∏≤,2537
..#,2538
‡∏Ñ‡∏≥‡∏Ç‡∏≠‡πÇ‡∏ó‡∏©,2539
fc,2540
‡πÅ‡∏ô‡πà‡∏à‡∏£‡∏¥‡∏á,2541
‡∏•‡∏á‡πÄ‡∏£‡∏∑‡∏≠,2542
‡πÄ‡∏Æ‡πÇ‡∏£‡∏≠‡∏µ‡∏ô,2543
‡∏Å‡∏•‡∏±‡∏ö‡∏Ñ‡∏∑‡∏ô,2544
‡πÅ‡∏•‡πà,2545
‡πÄ‡∏õ‡πá‡∏ô‡πÅ‡∏ô‡∏ß,2546
‡πÄ‡∏Ç‡πâ‡∏≤‡∏ñ‡∏∂‡∏á,2547
‡∏™‡∏±‡∏á‡πÄ‡∏Å‡∏ï‡∏ß‡πà‡∏≤,2548
‡πÄ‡∏õ‡πä‡∏∞,2549
‡∏™‡∏≠‡∏û‡∏•‡∏≠,2550
‡∏á‡∏î,2551
‡∏ó‡∏∏‡πÄ‡∏£‡∏µ‡∏¢‡∏ô,2552
‡∏™‡∏∏‡∏î‡∏Ç‡∏±‡πâ‡∏ß,2553
‡∏Å‡∏≤‡∏™‡∏∞,2554
19.00,2555
‡πÄ‡∏î‡∏∑‡∏≠‡∏î,2556
‡∏ï‡∏∏‡πã‡∏¢,2557
‡∏´‡∏£‡∏µ‡πà‡∏ï‡∏≤,2558
‡∏ä‡πÅ‡∏ó‡∏Ñ,2559
‡∏ß‡∏¥‡∏ö‡∏±‡∏ï‡∏¥,2560
‡∏•‡∏•,2561
‡∏ï‡∏£‡∏∞‡∏´‡∏ô‡∏±‡∏Å‡∏ñ‡∏∂‡∏á,2562
‡πÄ‡∏ö‡∏µ‡πà‡∏¢‡∏á‡∏õ‡∏£‡∏∞‡πÄ‡∏î‡πá‡∏ô,2563
‡∏î‡∏ß‡∏á‡∏à‡∏±‡∏ô‡∏ó‡∏£‡πå,2564
‡∏´‡∏∏‡∏´‡∏∏,2565
‡∏ß‡∏Ñ‡∏ô,2566
‡∏°‡∏∏‡πâ‡∏ü‡∏≠‡∏£,2567
‡∏ï‡∏±‡∏ß‡∏õ‡∏£‡∏∞‡∏Å‡∏±‡∏ô,2568
‡∏°‡∏µ‡πÅ‡∏ú‡∏ô,2569
‡πÅ‡∏ú‡∏ô,2570
‡∏•‡∏±‡∏ö,2571
‡∏ä‡∏ô‡∏ä‡∏±‡πâ‡∏ô‡∏•‡πà‡∏≤‡∏á,2572
‡∏õ‡∏£‡∏∞‡∏ó‡∏≤‡∏ô‡πÇ‡∏ó‡∏©,2573
‡∏¢‡πâ‡∏≥,2574
‡∏Æ‡∏∑‡∏≠‡∏Æ‡∏≤,2575
‡πÜ‡∏Ñ‡∏ô,2576
beauty,2577
‡πÄ‡∏Ñ‡∏•‡πá‡∏î‡∏•‡∏±‡∏ö,2578
‡∏ö‡∏≠‡∏Å‡∏ï‡πà‡∏≠,2579
‡∏Å‡∏£‡∏∞‡πÄ‡∏à‡∏µ‡πä‡∏¢‡∏ß,2580
‡πÄ‡∏Å‡∏∞‡∏Å‡∏∞,2581
‡πÄ‡∏°‡∏¢‡πå,2582
‡∏ã‡πà‡∏≠‡∏°,2583
snowflake,2584
‡∏ö‡∏≠‡∏ö‡∏ö‡∏≤‡∏á,2585
sjw,2586
‡∏ï‡∏õ‡∏ó.,2587
‡∏°‡∏≤‡∏ô,2588
70,2589
80,2590
‡∏ï‡∏≤‡πÄ‡∏´‡∏•‡πà,2591
‡πÄ‡∏ö‡πâ‡∏≤,2592
‡πÄ‡∏°.‡∏¢.,2593
xxxx,2594
xxxxx,2595
‡∏ä‡∏≤‡∏£‡πå‡∏ï,2596
‡∏ö‡∏±‡∏á,2597
‡∏ö‡∏û.,2598
‡∏Ç‡∏≠‡∏ö‡πÄ‡∏Ç‡∏ï,2599
‡∏ó‡∏≤,2600
‡∏ä‡∏±‡∏¢‡∏ä‡∏ô‡∏∞,2601
‡∏£‡∏¥‡πâ‡∏ô,2602
‡∏ö‡∏ó‡∏•‡∏∞‡∏Ñ‡∏£,2603
‡∏Å‡∏≤‡∏£‡∏ï‡∏±‡∏î‡∏™‡∏¥‡∏ô‡πÉ‡∏à,2604
‡∏´‡∏±‡∏Å,2605
‡∏î‡∏¥‡∏ö,2606
‡πÄ‡∏õ‡∏•‡∏∑‡∏≠‡∏Å,2607
‡∏™‡∏π‡∏ç‡∏û‡∏±‡∏ô‡∏ò‡∏∏‡πå,2608
‡∏•‡πà‡∏≤‡∏™‡∏±‡∏ï‡∏ß‡πå,2609
‡∏õ‡∏£‡∏µ‡πà,2610
‡∏Ñ‡∏ô‡∏†‡∏≤‡∏¢‡∏ô‡∏≠‡∏Å,2611
‡∏ü‡∏±‡∏ô‡∏ò‡∏á,2612
‡πÅ‡∏ß‡πä‡πÜ,2613
‡πÑ‡∏î‡πâ‡∏à‡∏±‡∏á‡∏´‡∏ß‡∏∞,2614
‡∏è,2615
‡∏°‡∏π,2616
‡πÄ‡∏î‡∏µ‡πã‡∏¢‡∏ß‡∏Å‡πà‡∏≠‡∏ô,2617
ep,2618
‡πÄ‡∏à‡πâ,2619
‡∏ñ‡∏≠‡∏¢‡∏´‡∏•‡∏±‡∏á,2620
‡∏•‡∏π‡∏Ñ‡∏±‡∏™,2621
‡∏≠‡πà,2622
‡∏ï‡∏≤‡∏°‡∏ô‡∏±‡πâ‡∏ô,2623
‡∏ô‡πâ‡∏≥‡∏¢‡∏≤‡∏Ü‡πà‡∏≤‡πÄ‡∏ä‡∏∑‡πâ‡∏≠,2624
‡πÄ‡∏Ç‡πâ‡∏°‡∏Ç‡πâ‡∏ô,2625
‡∏™‡∏¥‡πà‡∏á‡πÇ‡∏™‡πÇ‡∏Ñ‡∏£‡∏Å,2626
‡∏£‡∏±‡∏ö‡∏ö‡∏ó,2627
‡πÄ‡∏´‡∏°,2628
üòüüòë,2629
fake,2630
‡∏ú‡∏ç.,2631
‡πÅ‡∏ó‡∏á‡πÉ‡∏à,2632
‡∏ô‡πà‡∏≤‡∏¢‡∏Å‡∏¢‡πà‡∏≠‡∏á,2633
‡∏ã‡∏≠‡∏á,2634
‡πå.....,2635
‡∏•‡∏∂‡∏Å,2636
‡∏≠‡∏µ‡∏Å‡∏´‡∏ô‡πà‡∏≠‡∏¢,2637
‡πÄ‡∏≠‡∏∞‡πÉ‡∏à,2638
‡∏Ñ‡∏ß‡∏≤‡∏°‡πÄ‡∏Ñ‡∏•‡∏∑‡πà‡∏≠‡∏ô‡πÑ‡∏´‡∏ß,2639
‡πÄ‡∏Å‡∏≤‡∏∞‡∏ï‡∏¥‡∏î,2640
‡πÄ‡∏•‡∏™‡∏¥‡∏Å,2641
‡∏û‡∏£‡∏∞‡∏≠‡∏≤‡∏ó‡∏¥‡∏ï‡∏¢‡πå,2642
‡∏î‡∏ß‡∏á‡∏î‡∏µ,2643
‡∏û‡∏Å,2644
‡∏Ñ‡∏±‡∏ï‡πÄ‡∏ï‡∏≠‡∏£‡πå,2645
‡∏Ç‡∏¥‡∏ï,2646
‡πÄ‡∏à‡∏¥‡∏ô,2647
‡∏õ‡∏•‡∏î,2648
‡πÄ‡∏ï‡πá‡∏°‡∏õ‡∏£‡∏∞‡∏î‡∏≤,2649
‡∏•‡πâ‡∏≤‡∏á‡∏ô‡πâ‡∏≥,2650
‡∏â‡∏≤‡∏î,2651
‡∏ä‡πá‡∏≠‡∏Å,2652
‡∏ã‡∏≠‡∏•,2653
‡πÅ‡∏ß‡πâ,2654
‡∏°‡∏µ‡πÄ‡∏™‡∏µ‡∏¢‡∏á,2655
‡πÅ‡∏á‡πä‡∏ô,2656
‡πÅ‡∏á‡πä‡∏ô!!!,2657
‡∏Ñ‡∏≤‡∏ó‡∏µ‡πà,2658
‡∏Ç‡∏≠‡∏á‡∏î‡∏µ,2659
‡∏ç,2660
‡∏≠‡πà‡∏≠‡∏ô‡∏´‡∏±‡∏î,2661
‡∏û‡∏π‡∏î‡∏ô‡πâ‡∏≠‡∏¢,2662
‡πÄ‡∏Æ‡πâ‡∏¢,2663
!!!!!!!,2664
‡πÄ‡∏≠‡∏¥‡πà‡∏°,2665
‡∏ô‡πâ‡∏≥‡∏´‡∏≠‡∏°,2666
‡∏Å‡πâ‡∏ô,2667
‡∏´‡∏ô‡πâ‡∏≤‡∏≠‡∏Å,2668
‡∏ï‡∏µ‡∏•‡∏±‡∏á‡∏Å‡∏≤,2669
‡∏ü‡∏∞,2670
‡∏ó‡∏µ‡πà‡πÄ‡∏Å‡πá‡∏ö,2671
‡∏õ‡∏£‡∏≤‡∏Å‡∏è‡∏Å‡∏≤‡∏£‡∏ì‡πå,2672
loser,2673
√≠,2674
dolo,2675
‡∏ô‡∏±‡πà‡∏á‡∏•‡∏á,2676
‡∏ï‡∏±‡πâ‡∏á‡∏Ñ‡∏≥‡∏ñ‡∏≤‡∏°,2677
‡∏ô‡∏ï,2678
‡πÄ‡∏•‡πà‡∏ô‡∏´‡∏π‡πÄ‡∏•‡πà‡∏ô‡∏ï‡∏≤,2679
‡∏ß‡∏¥‡πâ‡∏á,2680
‡∏´‡∏°‡∏±‡∏ô,2681
‡πÉ‡∏ä‡πâ‡πÄ‡∏ß‡∏•‡∏≤,2682
‡∏Å‡πá‡∏ä‡πà‡∏≤‡∏á,2683
#‡∏õ,2684
‡∏´‡∏•‡∏ß‡∏á,2685
‡∏Ñ‡∏µ‡∏õ,2686
‡∏≠‡∏±‡πâ‡∏ô,2687
‡πÅ‡∏ù‡∏î,2688
the,2689
game,2690
towards,2691
zero,2692
‡∏ä‡∏±‡πà‡∏á,2693
‡∏≠‡∏¢‡πà‡∏≤‡∏á‡∏á‡∏µ‡πâ,2694
‡∏Å‡∏£‡∏∞‡∏´‡∏≤‡∏¢,2695
‡∏ó‡∏±‡∏ô‡πÉ‡∏à,2696
‡∏õ‡∏•‡∏π‡∏Å,2697
‡∏ú‡∏π‡πâ‡∏Å‡πà‡∏≠‡∏Å‡∏≤‡∏£‡∏£‡πâ‡∏≤‡∏¢,2698
‡∏≠‡∏ô‡∏∏‡∏ó‡∏¥‡∏ô,2699
‡∏≠‡πà‡∏≠‡∏ô‡πÉ‡∏à,2700
‡∏û‡∏¥‡∏ò‡∏≤,2701
‡πÄ‡∏°‡∏≤,2702
‡∏ò‡∏≤‡∏£‡∏≤,2703
‡∏£‡∏±‡∏Å‡∏©‡∏≤‡∏™‡∏∏‡∏Ç‡∏†‡∏≤‡∏û,2704
‡∏Ñ‡∏±‡∏ö‡∏ö,2705
‡∏ä‡∏ô‡∏∞‡πÄ‡∏•‡∏¥‡∏®,2706
‡∏ú‡∏¥‡∏î‡∏´‡∏ß‡∏±‡∏á,2707
‡∏ã‡πà‡∏≠‡∏ô,2708
#‡∏Å‡πç‡∏≤,2709
‡∏ï‡∏Å‡∏°‡∏±‡∏ô,2710
‡∏ä.,2711
‡∏ä‡πâ‡∏≤‡∏á,2712
‡πÇ‡∏ã‡πà,2713
‡∏™.,2714
‡πÅ‡∏¢‡∏Å‡∏à‡∏≤‡∏Å,2715
‡∏à.,2716
‡∏à‡∏≤‡∏ô,2717
‡∏´‡∏•‡∏ö‡∏´‡∏ô‡∏µ,2718
‡∏ï‡πà‡∏≤‡∏á‡∏î‡πâ‡∏≤‡∏ß,2719
‡πÄ‡∏°‡∏Ñ,2720
‡πÄ‡∏ã‡πâ‡∏ô‡∏™‡πå,2721
‡∏≠‡∏≤‡∏à‡∏≤‡∏£,2722
‡πå‡∏¢,2723
‡∏ó‡∏µ‡πà‡∏™‡∏≠‡∏á,2724
‡∏ï‡∏≠‡∏Å,2725
‡∏ó‡∏∏‡∏ö,2726
‡∏ï‡∏π‡∏î,2727
‡πÅ‡∏õ‡∏£‡∏á,2728
‡∏î‡πà‡∏ß‡∏¢,2729
‡∏Å‡∏£‡∏£‡πÑ‡∏Å‡∏£,2730
‡∏Å‡∏≤‡πÅ‡∏•,2731
‡∏£‡∏ñ‡πÄ‡∏°‡∏•‡πå,2732
‡∏ß‡∏π‡πâ,2733
‡πÅ‡∏ï‡∏á‡πÇ‡∏°,2734
‡∏ú‡∏π‡πÄ‡πâ,2735
‡πÄ‡∏ä‡∏∑‡πà‡∏≠‡∏ü‡∏±‡∏á,2736
‡∏™‡∏°‡∏≤‡∏£‡πå‡∏ó,2737
smart,2738
‡∏Ñ‡∏∏‡∏ì‡∏™‡∏°‡∏ö‡∏±‡∏ï‡∏¥,2739
‡∏£‡πä‡∏ö,2740
‡∏ü‡∏π‡πâ‡∏î,2741
555555555555555555555555,2742
‡∏õ‡∏±‡πä‡∏ö,2743
‡∏•‡∏≠‡∏Å,2744
‡∏î‡∏°,2745
‡∏ó‡∏î‡πÅ‡∏ó‡∏ô,2746
‡∏™‡∏±‡∏á‡∏Å‡∏∞‡∏™‡∏µ,2747
‡∏ö‡∏≤‡∏î,2748
‡∏Ñ‡∏ß‡∏≤‡∏°‡∏™‡∏±‡∏°‡∏û‡∏±‡∏ô‡∏ò‡πå,2749
‡∏ú‡πà‡∏≤‡∏¢,2750
‡∏ß‡∏¥‡∏•‡∏•‡πå,2751
‡∏™‡∏ß‡∏∞,2752
‡∏û‡∏£‡∏¥‡∏ï‡∏ï‡∏µ‡πâ,2753
‡∏î‡∏£‡∏¥‡πâ‡∏á,2754
‡πÄ‡∏ó‡πà‡∏≤‡πÄ‡∏ó‡∏µ‡∏¢‡∏°‡∏Å‡∏±‡∏ô,2755
‚Äú‡∏Ñ‡∏ô,2756
xxx,2757
‡∏¢‡∏∏,2758
‡∏õ‡πà‡∏≠‡∏á,2759
‡πÇ‡∏•‡∏á,2760
‡∏™‡∏∏‡∏Ç‡∏†‡∏≤‡∏û‡∏à‡∏¥‡∏ï,2761
‡∏â‡∏•‡∏≤‡∏Å,2762
‡∏Ñ‡∏£‡∏≠‡∏á‡πÄ‡∏°‡∏∑‡∏≠‡∏á,2763
‡∏ï‡∏≤‡∏™‡∏ß‡πà‡∏≤‡∏á,2764
‡∏´‡∏°‡∏≠‡∏ô,2765
‚Äú‡∏õ‡∏¥‡πä‡∏Å,2766
‡∏ï‡∏Å‡πÑ‡∏õ,2767
‡πÄ‡∏•‡πà‡∏ô‡∏ï‡∏±‡∏ß,2768
‡∏ö‡πà‡∏á‡∏ö‡∏≠‡∏Å,2769
‡∏≠‡∏ö‡∏£‡∏°‡∏™‡∏±‡πà‡∏á‡∏™‡∏≠‡∏ô,2770
‡∏ö‡∏≤‡∏á‡∏≠‡∏¢‡πà‡∏≤‡∏á,2771
‡πÄ‡∏õ‡πá‡∏ô‡∏ï‡πâ‡∏ô‡πÄ‡∏´‡∏ï‡∏∏,2772
‡∏Ñ‡∏≠‡∏°‡πÄ‡∏°‡∏ô‡∏ó‡πå,2773
‡∏ü‡∏•‡∏∏‡πä‡∏Ñ,2774
‡∏ä‡πà‡∏ß‡∏¢‡πÄ‡∏´‡∏•‡∏∑‡∏≠,2775
‡∏ó‡∏≥‡πÉ‡∏´‡πâ‡πÄ‡∏Å‡∏¥‡∏î,2776
‡∏Ñ‡∏ß‡∏≤‡∏°‡∏ó‡∏£‡∏á‡∏à‡∏≥,2777
'‡∏õ‡∏¥‡πä‡∏Å,2778
‡∏™‡∏á‡∏ß‡∏ô‡∏ó‡πà‡∏≤‡∏ó‡∏µ,2779
‡πÄ‡∏û‡∏£‡∏≤,2780
‡∏õ‡∏≠,2781
‡∏ö‡∏∏‡∏Ñ‡∏Ñ‡∏•‡∏ó‡∏µ‡πà‡∏™‡∏≤‡∏°,2782
‡∏ó‡∏µ‡πà‡∏û‡∏∂‡πà‡∏á,2783
‡∏ï‡πâ‡∏≤.,2784
‡πÉ‡∏´‡πâ‡πÄ‡∏Å‡∏µ‡∏¢‡∏£‡∏ï‡∏¥,2785
‡∏ï‡∏£,2786
‡∏ú‡∏≠.,2787
‡∏´‡∏•‡∏∞‡∏´‡∏•‡∏ß‡∏°,2788
‡∏¢‡∏®,2789
‡∏û‡∏•‡∏ó‡∏´‡∏≤‡∏£,2790
‡πÄ‡∏ù‡πâ‡∏≤,2791
‡∏Ç‡∏±‡∏î‡∏Ç‡∏∑‡∏ô,2792
‡∏°‡∏≠‡∏á‡∏´‡∏≤,2793
‡∏ó‡∏≥‡∏Å‡∏≤‡∏£‡∏ö‡πâ‡∏≤‡∏ô,2794
‡∏≠‡∏≤‡∏Å‡∏≤‡∏£‡∏´‡∏ô‡∏±‡∏Å,2795
‡∏Ç‡∏ô‡∏•‡∏∏‡∏Å,2796
‡∏ß‡∏≠,2797
‡πÇ‡∏ü‡∏ô,2798
‡∏õ‡∏£‡∏∞‡πÄ‡∏†‡∏ó,2799
‡∏Å‡∏£‡∏∞‡∏ä‡∏≤‡∏Å,2800
‡∏™‡∏±‡∏ö,2801
‡∏´‡∏ô‡πâ‡∏≤‡∏ö‡πâ‡∏≤‡∏ô,2802
‡∏≠‡πà‡∏≤‡∏ß,2803
‡πÇ‡∏ß‡∏¢‡∏ß‡∏≤‡∏¢,2804
‡πÄ‡∏≠‡∏î‡∏™‡πå,2805
‡∏Å‡∏ó‡∏°.,2806
‡∏´‡∏•‡∏±‡∏á‡∏à‡∏≤‡∏Å‡∏ô‡∏µ‡πâ,2807
‡∏Å‡∏ß‡∏≤‡∏î,2808
‡πÑ‡∏°‡πâ‡∏Å‡∏ß‡∏≤‡∏î,2809
‡∏ï‡πà‡∏≤‡∏á‡∏à‡∏±‡∏á‡∏´‡∏ß‡∏±‡∏î,2810
‡πÄ‡∏Ç‡∏°‡πà‡∏≤,2811
‡∏´‡∏•‡∏±‡∏á‡∏Ñ‡∏≤,2812
‡∏Ñ‡πà‡∏≥,2813
‡∏™‡∏µ‡πÅ‡∏î‡∏á,2814
hiphop,2815
‡∏™‡∏°‡∏ô‡πâ‡∏≥‡∏´‡∏ô‡πâ‡∏≤,2816
‡∏ò‡∏µ,2817
‡πÇ‡∏°‡∏á,2818
‡∏Å‡∏ó‡∏°,2819
‡∏ï‡∏£‡∏≠‡∏Å,2820
‡πÑ‡∏î,2821
‡∏´‡πâ‡∏≠‡∏á‡∏Ñ‡∏£‡∏±‡∏ß,2822
‡∏´‡πâ‡∏≠‡∏á‡∏ô‡∏≠‡∏ô,2823
‡∏™‡∏∏‡πà‡∏°,2824
‡πÄ‡∏•‡∏µ‡πâ‡∏¢‡∏á‡∏•‡∏π‡∏Å,2825
‡∏á‡∏≠‡∏Å,2826
‡∏Å‡∏£‡∏∞‡πÇ‡∏õ‡∏Å,2827
‡∏à,2828
‡∏£‡∏±‡∏Å‡∏©‡πå,2829
‡∏Å‡∏≤‡∏£‡∏ï‡∏•‡∏≤‡∏î,2830
‡∏¢‡∏∏‡πà‡∏¢,2831
‡πÅ‡∏ä‡πà,2832
‡πÅ‡∏£‡πâ‡∏ß,2833
oops,2834
‡∏Ñ‡∏≥‡∏ï‡πà‡∏≠‡∏Ñ‡∏≥,2835
‡∏ô‡∏¥‡∏™‡∏¥‡∏ï,2836
‡∏î‡∏π‡∏à‡∏∞,2837
‡∏õ‡∏£‡∏∞‡∏ä‡∏î‡∏õ‡∏£‡∏∞‡∏ä‡∏±‡∏ô,2838
uv,2839
‡∏ú‡πà‡∏≤‡∏ô‡∏´‡∏ô‡πâ‡∏≤,2840
‡∏ß‡πà‡∏≤‡πÑ‡∏°‡πà‡πÑ‡∏î‡πâ,2841
‡∏´‡∏°‡∏≤‡∏Å,2842
‡∏õ‡∏£‡∏¥,2843
‡∏ç:,2844
‡∏•‡∏á‡∏î‡∏≤‡∏ö,2845
‡∏Ñ‡∏°,2846
‡∏î‡∏≤‡∏ö,2847
‡πÅ‡∏ï‡πâ‡∏°,2848
‡πÑ‡∏£‡πâ‡∏õ‡∏£‡∏∞‡πÇ‡∏¢‡∏ä‡∏ô‡πå,2849
‡∏õ‡∏ß‡∏î‡∏´‡∏±‡∏ß,2850
‡∏ä‡∏∏‡∏°‡∏ä‡∏ô,2851
‡∏≠‡∏≤‡∏£‡πå,2852
‡∏™‡πà‡∏ß‡∏ô‡∏£‡∏ß‡∏°,2853
‡πÄ‡∏´‡πá‡∏ô‡∏î‡∏µ,2854
‡∏£‡∏±‡∏ö‡πÑ‡∏î‡πâ,2855
‚Ä¶,2856
‡πÅ‡∏ï‡πà‡∏ö‡∏≤‡∏á‡∏ó‡∏µ,2857
‡πÄ‡∏Å‡∏¥‡∏ô‡∏Ç‡∏≠‡∏ö‡πÄ‡∏Ç‡∏ï,2858
‡∏ñ‡∏∂‡∏á‡∏Ç‡∏±‡πâ‡∏ô,2859
‡∏°‡∏∏‡∏Ç‡∏ï‡∏•‡∏Å,2860
‡∏£‡∏π‡∏õ‡∏£‡πà‡∏≤‡∏á‡∏´‡∏ô‡πâ‡∏≤‡∏ï‡∏≤,2861
‡πÄ‡∏Ñ‡∏£‡∏î‡∏¥‡∏ï,2862
‡∏™‡πà‡∏á‡πÄ‡∏™‡∏£‡∏¥‡∏°,2863
‡∏ï‡∏±‡∏ß‡∏≠‡∏±‡∏Å‡∏©‡∏£,2864
‡∏´‡∏°‡∏∏‡∏î,2865
‡∏£.,2866
‡πÄ‡∏Å‡πá‡∏ö‡∏Å‡∏î,2867
5555555555555555,2868
‡∏≠‡∏±‡∏®‡∏ß‡∏¥‡∏ô,2869
‡∏´‡∏±‡∏ß‡∏•‡πâ‡∏≤‡∏ô,2870
‡πÅ‡∏Å‡πà‡πÄ‡∏û‡∏£‡∏≤‡∏∞‡∏Å‡∏¥‡∏ô‡∏Ç‡πâ‡∏≤‡∏ß ‡πÄ‡∏í‡πà‡∏≤‡πÄ‡∏û‡∏£‡∏≤‡∏∞‡∏≠‡∏¢‡∏π‡πà‡∏ô‡∏≤‡∏ô,2871
‡∏î‡∏π‡∏î‡∏ß‡∏á,2872
‡∏£‡∏≤‡∏®‡∏µ,2873
‡∏Å‡∏£‡∏∏‡πä‡∏õ,2874
‡πÅ‡∏°‡πà‡∏ô,2875
x,2876
‡πÄ‡∏à‡πâ‡∏≤‡∏ô‡∏≤‡∏¢,2877
‡∏ß‡∏≤‡∏á‡∏™‡∏≤‡∏¢,2878
‡∏£‡∏î,2879
‡∏ì‡∏±‡∏ê,2880
‡πÇ‡∏â‡∏°‡∏´‡∏ô‡πâ‡∏≤,2881
mini,2882
series,2883
14,2884
‡∏¢‡∏µ‡πä‡πÜ,2885
‡∏™‡∏≥‡πÄ‡∏´‡∏ô‡∏µ‡∏¢‡∏Å,2886
‡∏ö‡∏£‡∏£‡∏û‡∏ö‡∏∏‡∏£‡∏∏‡∏©,2887
‡πÄ‡∏™‡∏∑‡πà‡∏≠‡∏ú‡∏∑‡∏ô‡∏´‡∏°‡∏≠‡∏ô‡πÉ‡∏ö,2888
icu,2889
‡πÅ‡∏´‡πà,2890
‡∏Æ‡∏ß‡∏á‡∏ã‡∏∏‡πâ‡∏¢,2891
‡πÄ‡∏Å‡∏£‡∏î,2892
‡∏™‡∏π‡πà‡∏£‡∏π‡πâ,2893
‡∏£‡πâ‡∏≠‡∏ô‡∏ï‡∏±‡∏ß,2894
‡∏û‡πà‡∏≠‡∏Ñ‡∏∏‡∏ì,2895
32.14,2896
quote,2897
‡∏ï‡πâ‡∏ö,2898
‡∏Å‡∏•‡∏±‡∏ß‡∏ú‡∏µ,2899
‡πÑ‡∏î‡πâ‡∏Ç‡∏ô‡∏≤‡∏î,2900
‡πÄ‡∏£‡∏∑‡πà‡∏≠‡∏á‡πÉ‡∏´‡∏ç‡πà,2901
‡∏°‡∏π‡∏•‡πÄ‡∏´‡∏ï‡∏∏,2902
‡∏ü‡∏¥‡∏Ñ‚Äã,2903
‡∏ß‡∏µ‡∏£‡∏ö‡∏∏‡∏£‡∏∏‡∏©,2904
ü§£ü§£,2905
‡∏Ñ‡∏ß‡∏≤‡∏°‡πÄ‡∏™‡∏µ‡∏¢‡πÉ‡∏à,2906
‡∏û‡∏π‡∏î‡∏ï‡∏≤‡∏°,2907
‡∏Ñ‡∏≥‡πÅ‡∏ô‡∏∞‡∏ô‡∏≥,2908
‡∏°‡∏∏‡∏ö‡∏°‡∏¥‡∏ö,2909
‡∏´‡∏ß‡πà‡∏∞,2910
‡πÉ‡∏ä‡πâ‡∏Å‡∏±‡∏ö,2911
‡∏ô‡πà‡∏≤‡∏™‡∏ô‡πÉ‡∏à,2912
‡πÄ‡∏≠‡∏ô,2913
???,2914
1.,2915
2.,2916
‡∏™‡∏∞‡∏Å‡∏î,2917
‡∏≠‡∏°‡∏£‡∏¥‡∏ô‡∏ó‡∏£‡πå,2918
‡∏ó‡∏µ‡∏ß‡∏µ,2919
3.,2920
    ,2921
‡∏õ.‡∏•.,2922
‡∏ú‡∏¥‡∏î‡∏ó‡∏µ‡πà‡∏ú‡∏¥‡∏î‡∏ó‡∏≤‡∏á,2923
‡∏¢‡∏¢‡∏¢üòç,2924
‡∏â‡πà‡∏≥,2925
‡∏ß‡∏≤‡∏ß,2926
üë∂üíö,2927
üíã#,2928
‡∏ú‡∏¥‡∏ß‡∏´‡∏ô‡πâ‡∏≤,2929
‡∏ö‡∏≥‡∏£‡∏∏‡∏á,2930
üõç,2931
99,2932
‡∏ö.,2933
‡∏ä‡πâ‡∏≠‡∏õ,2934
24,2935
shopping,2936
-eleven,2937
üìå,2938
03,2939
orange,2940
coral,2941
05,2942
sunset,2943
‡∏ò‡∏π‡∏õ,2944
‡∏Ç‡∏µ‡πâ‡∏´‡∏ô‡πâ‡∏≤,2945
‚Äã&,2946
‡∏£‡∏±‡∏ê‡∏°‡∏ô‡∏ï‡∏£‡∏µ,2947
‡∏≠‡∏ô‡∏∏‡∏ç‡∏≤‡∏ï,2948
‡πÄ‡∏à‡∏µ‡∏¢‡∏î‡πÄ‡∏á‡∏¥‡∏ô,2949
‡∏ò‡∏£‡∏£‡∏°,2950
‡πÄ‡∏ô‡∏µ‡∏¢‡∏ö,2951
copy,2952
paste,2953
‡∏£‡πà‡∏ß‡∏°‡πÅ‡∏£‡∏á‡∏£‡πà‡∏ß‡∏°‡πÉ‡∏à,2954
‡∏ö‡∏π‡∏£‡∏ì‡∏≤‡∏Å‡∏≤‡∏£,2955
‡∏ì‡πå,2956
‡∏Å‡∏•‡∏≤‡∏¢‡∏û‡∏±‡∏ô‡∏ò‡∏∏‡πå,2957
‡∏ã‡πâ‡∏≥‡πÅ‡∏•‡πâ‡∏ß‡∏ã‡πâ‡∏≥‡πÄ‡∏•‡πà‡∏≤,2958
‡∏Ñ‡∏∏‡πâ‡∏ô‡πÜ,2959
‡∏ï‡∏£‡∏á‡∏Ç‡πâ‡∏≤‡∏°,2960
‡∏õ‡∏∏‡πâ‡∏á‡∏õ‡∏±‡πâ‡∏á‡πÜ‡πÜ‡πÜ,2961
‡∏£‡∏∂‡∏õ‡∏•‡πà‡∏≤‡∏ß,2962
‡πÄ‡∏ï‡∏∞,2963
‡πÅ‡∏ï‡∏ô,2964
‡∏à‡∏µ‡∏á,2965
‡∏•‡∏¥‡∏î,2966
‡∏ô‡∏≠‡∏Å‡∏ö‡πâ‡∏≤‡∏ô,2967
‡∏ï‡∏≠‡∏ö‡∏Ñ‡∏≥‡∏ñ‡∏≤‡∏°,2968
sunday,2969
‡∏Ç‡∏±‡∏î‡∏Ç‡∏ß‡∏≤‡∏á,2970
‡∏Ç‡πâ‡∏≤‡∏ß‡∏Ç‡∏≠‡∏á,2971
‡πÇ‡∏ô‡πà,2972
‡πÄ‡∏Å‡∏¥‡∏ô‡∏Ñ‡∏ß‡∏≤‡∏°‡∏à‡∏≥‡πÄ‡∏õ‡πá‡∏ô,2973
ÔøΩÔøΩ,2974
‡πÄ‡∏ó‡∏Ñ‡∏ô‡∏¥‡∏Ñ,2975
‡∏Ñ‡∏¥‡∏î‡πÄ‡∏•‡∏Ç,2976
‡∏ú‡∏π‡πâ‡∏≠‡∏≥‡∏ô‡∏ß‡∏¢‡∏Å‡∏≤‡∏£,2977
‡πÄ‡∏ä‡πâ‡∏≤,2978
‡∏Å‡∏≤‡∏ù‡∏≤‡∏Å,2979
‡πÅ‡∏ã‡∏ß,2980
‡∏™‡∏π‡∏á‡∏ß‡∏±‡∏¢,2981
‡∏™‡∏£‡∏£‡∏´‡∏≤,2982
‡∏ß‡∏±‡∏¢,2983
‡∏°‡∏≤‡πÅ‡∏£‡∏á,2984
‡∏ó‡∏π,2985
‡∏´‡∏¢‡∏≠‡∏î,2986
‡∏Ç‡πâ‡∏≤‡∏ß‡∏ï‡πâ‡∏°,2987
‡∏á‡∏∏‡πâ‡∏á‡∏á‡∏¥‡πâ‡∏á‡πÜ,2988
‡∏ä‡∏±‡πà‡∏ß‡πÇ‡∏°‡∏á,2989
‡∏£‡πâ‡∏≠‡∏á‡πÄ‡∏£‡∏µ‡∏¢‡∏ô,2990
‡πÑ‡∏Å‡πà‡πÄ‡∏Ç‡∏µ‡πà‡∏¢,2991
‡πÄ‡∏á‡∏µ‡∏¢‡∏ö‡∏™‡∏ô‡∏¥‡∏ó,2992
‡∏¢‡∏∏‡∏á,2993
‡∏ö‡πâ‡∏≤‡πÄ‡∏´‡πà‡∏≠,2994
‡πÄ‡∏õ‡πá‡∏ô‡∏ò‡∏£‡∏£‡∏°‡∏î‡∏≤,2995
‡πÅ‡∏°‡πà‡∏Ñ‡∏∏‡∏ì,2996
‡πÑ‡∏î‡πâ‡∏ú‡∏•,2997
‡∏ä‡∏∞‡∏á‡∏±‡∏î,2998
‡∏´‡∏¢‡∏≤‡∏°,2999
‡∏°‡∏¥‡∏ô‡πà‡∏≤,3000
‡πÄ‡∏õ‡πá‡∏ô‡∏ï‡∏±‡∏ß‡∏Ç‡∏≠‡∏á‡∏ï‡∏±‡∏ß‡πÄ‡∏≠‡∏á,3001
‡∏™‡∏™‡∏™,3002
‡∏ä‡∏∑‡πà‡∏≠‡∏î‡∏±‡∏á,3003
‡∏ó‡∏±‡πâ‡∏á‡∏ä‡∏≤‡∏ï‡∏¥,3004
‡∏ó‡∏≤‡∏á‡πÄ‡∏•‡∏∑‡∏≠‡∏Å,3005
exploited,3006
male,3007
approval,3008
advantage,3009
‡∏á‡∏∑‡πâ‡∏≠~,3010
‡∏ó‡∏ö‡∏ó‡∏ß‡∏ô,3011
‡∏õ‡∏±‡∏ç‡∏ç‡∏≤‡∏ä‡∏ô,3012
‡∏ä‡∏°‡∏û‡∏π,3013
‡πÄ‡∏Ç‡∏µ‡∏¢‡∏ß,3014
‡πÅ‡∏™‡∏î,3015
‡∏≠‡∏à,3016
‡∏ö‡∏•‡∏π,3017
‡∏•‡∏π‡∏Å‡πÄ‡∏°‡∏µ‡∏¢‡∏ô‡πâ‡∏≠‡∏¢,3018
‡∏Ñ‡∏ï‡∏ô‡∏Å‡∏¨,3019
‡∏û‡∏∂‡πà‡∏á‡∏ï‡∏±‡∏ß‡πÄ‡∏≠‡∏á,3020
‡∏≠‡∏∑‡πâ‡∏≠‡∏´‡∏∑‡∏≠,3021
‡∏π,3022
‡πÄ‡∏•‡∏õ,3023
‡∏ö‡∏µ‡∏ö,3024
‡∏ß‚ù§Ô∏è,3025
‡∏ï‡∏£‡∏á‡∏ô‡∏±‡πâ‡∏ô,3026
‡∏™‡∏°‡∏Å‡∏±‡∏ô,3027
5555555555,3028
‡∏Ñ‡∏ï‡∏¥‡πâ‡∏á,3029
ok,3030
‡∏ó‡∏≠‡∏¢,3031
‡∏®‡∏∏‡∏Å‡∏£‡πå,3032
‡∏Å‡∏û,3033
‡∏™‡∏ô‡∏≤‡∏°‡∏ö‡∏¥‡∏ô,3034
‡∏î‡∏≠‡∏ô‡πÄ‡∏°‡∏∑‡∏≠‡∏á,3035
‡πÄ‡∏ó‡∏≠‡∏£‡πå‡∏°‡∏¥‡∏ô‡∏≠‡∏•,3036
‡∏î‡∏≤‡∏ß‡∏ô‡πå,3037
‡πÅ‡∏á‡πà‡∏î‡∏µ,3038
‡πÉ‡∏ô‡∏≠‡∏ô‡∏≤‡∏Ñ‡∏ï,3039
‡∏ó‡∏∂‡∏ö,3040
‡∏ö‡πâ‡∏≤‡∏≠‡∏≥‡∏ô‡∏≤‡∏à,3041
‡∏≠‡∏¥‡πâ‡∏á,3042
h,3043
hook,3044
‡∏¢‡∏∏‡∏ó‡∏ò,3045
‡∏™‡∏¥‡∏ö,3046
‡πÑ‡∏ó‡∏¢‡∏£‡∏±‡∏ê,3047
‡∏°‡∏∏‡∏î,3048
‡πÅ‡∏ú‡πà‡∏ô‡∏î‡∏¥‡∏ô,3049
‡∏´‡∏π‡πâ‡∏¢‡∏¢‡∏¢‡∏¢,3050
‡πÄ‡∏ß‡∏≠‡∏£‡πå,3051
‡∏ö‡πâ‡∏≤‡∏ô‡∏û‡∏±‡∏Å‡∏≠‡∏≤‡∏®‡∏±‡∏¢,3052
‡∏ä‡∏±‡πâ‡∏ô‡πÄ‡∏î‡∏µ‡∏¢‡∏ß,3053
‡πÇ‡∏ó‡∏ô,3054
‡πÅ‡∏¢‡∏Å‡∏¢‡πâ‡∏≤‡∏¢,3055
‡πÄ‡∏™‡∏≤‡∏£‡πå,3056
:),3057
live,3058
50,3059
‡∏ö‡∏∏‡πã‡∏ô,3060
‡πÄ‡∏õ‡∏£‡∏°,3061
‡πÄ‡∏õ‡∏£‡∏µ‡πâ‡∏¢‡∏ß‡∏õ‡∏≤‡∏Å,3062
linevtv,3063
‡∏°‡∏µ‡∏ò‡∏∏‡∏£‡∏∞,3064
‡πÅ‡∏ß‡πâ‡∏ö,3065
‡∏≠‡∏∏‡πâ‡∏¢,3066
‡∏Ñ‡πâ‡∏≤‡∏á,3067
‡∏Ñ‡∏≤‡πÉ‡∏à,3068
‡∏ß‡∏¥‡∏û‡∏≤‡∏Å‡∏©‡πå,3069
couldn,3070
agree,3071
more,3072
‡∏Ñ‡∏ß‡∏≤‡∏°‡∏û‡∏≠‡πÉ‡∏à,3073
‡∏Å‡πà‡∏≠‡∏ô‡∏≠‡∏∑‡πà‡∏ô,3074
‡πÅ‡∏Å‡∏£‡πà‡∏á,3075
‡∏ó‡∏≥‡∏á‡∏≤‡∏ô‡∏ö‡πâ‡∏≤‡∏ô,3076
‡∏ã‡∏±‡∏ö‡∏ã‡πâ‡∏≠‡∏ô,3077
twitter,3078
‡∏Ñ‡πÄ‡∏≤‡∏ó‡πå,3079
‡∏ï‡∏£‡∏á ‡πÜ,3080
‡πÅ‡∏ï‡πà‡∏Å‡∏•‡∏±‡∏ö,3081
‡∏ß‡∏ß‡∏ß,3082
‡∏≠‡∏¢‡∏∏‡∏ò‡∏¢‡∏≤,3083
‡πÄ‡∏ú‡∏ä‡∏¥‡∏ç,3084
‡∏Å‡∏ß‡πâ‡∏≤‡∏á‡πÑ‡∏Å‡∏•,3085
‡∏™‡∏ß‡πà‡∏≤‡∏á‡πÑ‡∏™‡∏ß,3086
‡∏ß‚Äã,3087
‡∏°‡πâ‡∏ô,3088
‡∏î‡∏±‡∏ß,3089
‡πÄ‡∏°‡∏ï‡∏ï‡∏≤,3090
‡∏î‡πâ‡∏≠‡∏¢‡∏Ñ‡πà‡∏≤,3091
‡πÄ‡∏à‡πâ‡∏≤‡∏Ç‡∏≠‡∏á‡∏á‡∏≤‡∏ô,3092
‡πÉ‡∏´‡πâ‡πÇ‡∏≠‡∏Å‡∏≤‡∏™,3093
‡∏Ç‡∏¢‡∏±‡∏ö,3094
‡πÄ‡πÄ‡∏ï‡πà‡πÄ‡πÄ‡∏ã‡πà‡∏ö,3095
‡∏≠‡πâ‡∏ß‡∏á,3096
‡∏Å‡∏•‡∏∑‡∏ô,3097
‡∏õ‡∏≠‡∏¢,3098
‡∏Å.‡∏°.,3099
‡∏õ‡∏ä‡∏ä.,3100
‡∏õ‡∏µ‡πâ,3101
‡πÄ‡∏≠‡∏Å‡∏™‡∏≤‡∏£,3102
‡∏Ñ‡∏∏‡∏ì‡∏ú‡∏π‡πâ‡∏´‡∏ç‡∏¥‡∏á,3103
‡πÄ‡∏≠‡∏≤‡∏´‡∏•‡∏∞,3104
‡∏¢‡∏•,3105
‡∏î‡∏≤,3106
‡πÄ‡∏õ‡∏ô‡∏ô‡∏Ç.,3107
‡∏ç‡∏≤‡∏ï‡∏¥‡∏´‡πà‡∏≤‡∏á‡πÜ,3108
‡∏õ‡∏£‡∏™‡∏¥‡∏ï,3109
‡πÅ‡∏•‡πâ‡∏ß‡∏î‡πâ‡∏ß‡∏¢,3110
‡∏ï‡∏Å‡πÄ‡∏õ‡πá‡∏ô,3111
‡∏û‡∏±‡∏ô‡∏ò‡∏∏‡πå,3112
‡πÄ‡∏õ‡πá‡∏ô‡πÑ‡∏£‡πÑ‡∏õ,3113
‡∏Ñ‡∏ô‡∏à‡∏µ‡∏ô,3114
‡∏ã‡∏±‡∏î,3115
‡∏Å‡∏≤‡∏á,3116
‡∏ï‡∏≤‡∏£‡∏≤‡∏á,3117
‡πÄ‡∏•‡πâ‡∏ô,3118
üòë,3119
mvp,3120
‡∏™‡∏Å‡∏π‡πä‡∏õ,3121
‡πÅ‡∏î‡πà,3122
‡πÅ‡∏ä,3123
‡∏ö‡∏±‡πâ‡∏°‡∏ö‡∏û,3124
‡∏ß‡∏≤‡∏¢,3125
‡πÄ‡∏•‡πà‡∏ô‡∏ï‡∏•‡∏Å,3126
‡∏ä‡∏±‡∏Å,3127
‡πÄ‡∏´‡∏¥‡∏°‡πÄ‡∏Å‡∏£‡∏¥‡∏°,3128
‡πÄ‡∏î‡πà‡∏ô,3129
reproduce,3130
‡∏õ‡∏£‡∏∞‡∏ä‡∏≤‡∏Å‡∏£,3131
‡∏ô‡πà‡∏≤‡πÄ‡∏™‡∏µ‡∏¢‡∏î‡∏≤‡∏¢,3132
‡∏Ñ‡∏ô‡∏£‡∏∏‡πà‡∏ô‡πÉ‡∏´‡∏°‡πà,3133
‡∏Ñ‡∏≥‡∏Å‡∏•‡πà‡∏≤‡∏ß‡∏≠‡πâ‡∏≤‡∏á,3134
‡πÄ‡∏™‡∏û,3135
‡∏ó‡∏∏‡∏ô,3136
‡∏ó‡∏≠‡∏ô,3137
‡πÄ‡∏ï‡∏¥‡∏ö,3138
‡∏ù‡∏±‡∏á‡∏´‡∏±‡∏ß,3139
‡∏ö‡∏¥‡∏î‡πÄ‡∏ö‡∏∑‡∏≠‡∏ô,3140
‡∏ï‡πà‡∏≤‡∏á‡∏ä‡∏≤‡∏ï‡∏¥,3141
‡∏ú‡∏π‡πÄ‡∏ä‡∏≤‡∏¢,3142
‡πÅ‡∏ú‡∏ô‡∏Å,3143
‡∏•‡∏ß‡∏ô‡∏•‡∏≤‡∏°,3144
‡∏´‡∏π‡∏î,3145
‡πÄ‡∏™‡πÅ‡∏™‡∏£‡πâ‡∏á,3146
‡∏Ñ‡πà‡∏≤‡πÄ‡∏™‡∏µ‡∏¢‡∏´‡∏≤‡∏¢,3147
‡∏®‡∏∂‡∏Å‡∏©‡∏≤,3148
‡∏•‡∏¥‡∏á‡∏Ñ‡πå,3149
‡∏≠‡∏¥‡∏Å,3150
‡πÄ‡∏≠‡πà‡∏¢‡∏õ‡∏≤‡∏Å,3151
‡∏ö‡∏≤‡∏£‡∏¥‡∏™‡∏ï‡πâ‡∏≤,3152
‡∏Å‡πä‡∏≠,3153
...‡∏ä‡∏á,3154
‡πÄ‡∏´‡∏•‡πà,3155
‡∏´‡∏•‡∏±‡∏ö,3156
‡∏¢‡∏Å‡πÄ‡∏•‡∏¥‡∏Å,3157
‡∏≠‡∏≠‡∏Å‡∏à‡∏≤‡∏Å,3158
‡∏™‡∏¥‡πâ,3159
‡∏£‡∏µ‡∏û‡∏≠‡∏£‡πå‡∏ó,3160
‡∏ï‡∏≠‡∏Å‡∏Å‡∏•‡∏±‡∏ö,3161
‡πÅ‡∏ï‡πà‡∏á‡∏á‡∏≤‡∏ô,3162
‡∏≠‡∏≤‡∏ä‡∏ç‡∏≤‡∏Å‡∏£,3163
‡πÇ‡∏õ‡∏£‡πÇ‡∏°‡∏ó,3164
‡πÄ‡∏û‡∏•,3165
‡∏°‡∏µ‡∏ú‡∏•,3166
‡∏ö‡∏£‡∏¥‡∏à‡∏≤‡∏Ñ,3167
‡∏ú‡∏ä‡∏Ñ‡∏ô,3168
‡∏Ç‡πâ‡∏≤‡∏á‡∏´‡∏ô‡πâ‡∏≤,3169
‡∏´‡∏±‡∏ô‡∏°‡∏≤,3170
‡∏ï‡∏≤‡πÑ‡∏°‡πà‡∏°‡∏µ‡πÅ‡∏ß‡∏ß,3171
‡πÄ‡∏£‡πà‡∏á‡∏°‡∏∑‡∏≠,3172
‡∏ô‡πà‡∏≤‡∏à‡∏∞‡πÄ‡∏õ‡πá‡∏ô,3173
‡∏õ‡πä‡∏≤‡∏î,3174
‡∏°‡∏´‡∏≤‡∏ß‡∏¥‡∏ó‡∏¢‡∏≤‡∏•‡∏±‡∏¢,3175
‡∏™‡∏∑‡πà‡∏≠‡∏™‡∏≤‡∏£‡∏°‡∏ß‡∏•‡∏ä‡∏ô,3176
case,3177
study,3178
‡πÑ‡∏ü‡πÑ‡∏´‡∏°‡πâ,3179
‡∏ü‡∏≤‡∏á,3180
‡∏™‡πÇ‡∏°‡∏™‡∏£,3181
‡∏≠‡∏±‡∏ô‡∏ô‡πâ‡∏≠‡∏¢,3182
‡∏ß‡∏±‡∏ï‡∏ñ‡∏∏,3183
‡πÄ‡∏õ‡πá‡∏ô‡∏´‡∏•‡∏±‡∏Å,3184
lp,3185
‡πÄ‡∏¢‡∏∑‡∏≠‡∏ô,3186
‡πÅ‡∏°‡πà‡∏Æ‡πà‡∏≠‡∏á‡∏™‡∏≠‡∏ô,3187
‡∏£‡∏±‡∏ö‡∏ü‡∏±‡∏á,3188
‡∏ä‡∏≤‡∏ï‡∏¥‡∏û‡∏±‡∏ô‡∏ò‡∏∏‡πå,3189
132,3190
‡πÇ‡∏ä‡∏Ñ‡∏î‡∏µ,3191
‡∏õ‡∏£‡∏¥‡∏ô‡∏ó‡πå,3192
‡πÄ‡∏ã‡πá‡∏ô‡∏ï‡πå,3193
‡πÄ‡∏°,3194
‡∏Ñ‡∏£‡∏¥‡∏™‡∏ï‡πå‡∏°‡∏≤‡∏™,3195
‡∏ï‡πâ‡∏≤,3196
‡∏ì‡∏≤,3197
‡∏ú‡∏π‡∏Å,3198
‡∏≠‡∏±‡∏à‡∏â‡∏£‡∏¥‡∏¢‡∏∞,3199
‡πÅ‡∏´‡∏°‡πà‡∏°,3200
‡∏õ‡∏ß‡∏î‡πÄ‡∏°‡∏∑‡πà‡∏≠‡∏¢,3201
‡∏ö‡πà‡∏á‡∏ö‡∏≠‡∏Å‡∏ñ‡∏∂‡∏á,3202
‡∏ß‡∏±‡∏¢‡∏ß‡∏∏‡∏í‡∏¥,3203
‡∏õ‡∏π‡πà‡∏¢‡πà‡∏≤‡∏ï‡∏≤‡∏¢‡∏≤‡∏¢,3204
‡πÄ‡∏à‡πá‡∏ö‡∏ï‡∏±‡∏ß,3205
‡πÄ‡∏Å‡∏£‡∏µ‡∏¢‡∏ß,3206
‡∏à‡∏∏‡πâ‡∏á,3207
‡∏≠‡∏≤‡∏Ü‡∏≤‡∏ï,3208
‡∏û‡∏¢‡∏≤‡∏ö‡∏≤‡∏ó,3209
‡∏ù‡∏±‡∏á‡πÉ‡∏à,3210
pussy,3211
‡∏™‡∏î‡∏µ,3212
‡∏õ‡∏£‡∏±‡∏ö‡πÄ‡∏õ‡∏•‡∏µ‡πà‡∏¢‡∏ô,3213
‡∏¢‡∏∏‡∏Ñ‡∏™‡∏°‡∏±‡∏¢,3214
‡∏¢‡πà‡∏≥,3215
‡∏£‡∏∏‡∏°,3216
‡πÅ‡∏°‡∏£‡πà‡∏á,3217
‡πÑ‡∏•,3218
‡∏°‡∏≤‡∏ô‡∏µ,3219
‡∏•‡πâ‡∏≤‡∏á‡πÅ‡∏Ñ‡πâ‡∏ô,3220
‡πÅ‡∏™‡∏î‡∏á‡∏ñ‡∏∂‡∏á,3221
‡∏à‡∏Ç‡∏Å‡∏ó,3222
‡∏Ñ‡∏•‡∏≠‡∏á,3223
‡∏´‡∏•‡∏≠‡∏ô,3224
‡∏Ñ‡∏ß‡∏≤‡∏°‡πÄ‡∏õ‡∏•‡∏µ‡πà‡∏¢‡∏ô‡πÅ‡∏õ‡∏•‡∏á,3225
‡∏™‡∏¥‡πâ‡∏ô‡∏´‡∏ß‡∏±‡∏á,3226
‡πÄ‡∏â‡∏¢‡∏ä‡∏≤,3227
‡πÄ‡∏õ‡∏•‡∏µ‡πà‡∏¢‡∏ô‡πÄ‡∏õ‡πá‡∏ô,3228
‡∏ö‡πâ‡∏≤‡∏ô‡πÄ‡∏°‡∏∑‡∏≠‡∏á,3229
‡πÇ‡∏ö‡∏Å‡∏°‡∏∑‡∏≠,3230
‡πÅ‡∏™‡∏î‡∏á‡∏≠‡∏≠‡∏Å,3231
‡∏™‡∏π‡∏ç,3232
‡πÄ‡∏™‡∏µ‡∏¢‡∏´‡∏ô‡πà‡∏≠‡∏¢,3233
‡∏õ‡∏ô,3234
‡∏¢‡∏≠‡∏î‡∏Æ‡∏¥‡∏ï,3235
‡∏´‡∏ß‡∏ô,3236
‡∏ï‡∏±‡∏ß‡πÄ‡∏≠‡∏Å,3237
‡∏ã‡∏Å‡∏°‡∏Å,3238
‡∏™‡∏•‡∏¥‡∏î,3239
‡∏î‡∏Å,3240
‡∏û‡∏ö‡πÄ‡∏´‡πá‡∏ô,3241
‡πÄ‡∏ã‡∏¥‡∏ü,3242
‡πÉ‡∏à‡∏Ç‡∏≤‡∏î,3243
‡πÄ‡∏Ç‡πâ‡∏≤‡∏£‡∏≠‡∏ö,3244
‡πÄ‡∏Ñ‡∏µ‡∏¢‡∏á,3245
‡∏ä‡∏±‡∏ß,3246
‡∏Å‡∏≥‡∏•‡∏±‡∏á‡∏Å‡∏¥‡∏ô,3247
‡∏ö‡∏ß‡∏°,3248
‡∏á‡∏π‡πÄ‡∏´‡∏•‡∏∑‡∏≠‡∏°,3249
‡∏Ñ‡∏•‡∏≠‡∏î,3250
‡∏á‡∏≤‡∏ô‡∏´‡∏ô‡∏±‡∏Å,3251
‡∏ü‡∏±‡∏á‡πÑ‡∏°‡πà‡∏Ç‡∏∂‡πâ‡∏ô,3252
‡πÅ‡∏£‡∏á‡∏Ñ‡πå,3253
‡∏ö‡∏±‡∏ô‡∏ó‡∏∂‡∏Å,3254
‡∏ï‡∏Å‡∏ó‡∏≠‡∏î,3255
‡∏ó‡∏≤‡∏¢‡∏≤‡∏ó,3256
?!!,3257
‡πÄ‡∏ß‡∏≠‡∏£‡πå‡∏ä‡∏±‡πà‡∏ô,3258
‡∏™‡∏î,3259
‡∏•‡∏∞‡∏°‡∏∏‡∏ô‡∏•‡∏∞‡πÑ‡∏°,3260
cbx,3261
‡∏û‡∏µ‡πà‡πÉ‡∏´‡∏ç‡πà,3262
‡∏¢‡∏π‡∏ô‡∏¥‡∏ï,3263
‡∏Å‡∏£‡∏∞‡∏î‡∏≤‡∏î,3264
‡∏ó‡∏£‡∏≤‡∏ö,3265
‡∏°‡∏≤‡∏ï‡∏£‡∏Å‡∏≤‡∏£,3266
‡∏≠‡∏≠‡∏Å‡∏Å‡∏é‡∏´‡∏°‡∏≤‡∏¢,3267
‡∏õ‡∏é‡∏¥‡∏ö‡∏±‡∏ï‡∏¥,3268
‡∏Å‡∏£‡∏∞‡∏ó‡∏£‡∏ß‡∏á,3269
‡∏Ç‡πâ‡∏≤‡∏£‡∏≤‡∏ä‡∏Å‡∏≤‡∏£,3270
‡∏Å‡∏£‡∏∏‡∏ì‡∏≤,3271
‡∏™‡∏Å‡∏£‡∏µ‡∏ô,3272
‡∏≠‡∏ß‡∏î‡πÄ‡∏Å‡πà‡∏á,3273
‡∏ô‡∏¥‡∏ï‡∏¥,3274
‡∏õ‡∏£‡∏∞‡∏°‡∏ß‡∏•‡∏Å‡∏é‡∏´‡∏°‡∏≤‡∏¢,3275
‡∏ï‡∏†‡∏û,3276
‡∏™‡∏∏‡∏Å,3277
‡∏û‡∏ô‡∏°‡πÄ‡∏õ‡∏ç,3278
‡∏≠‡∏£‡∏£‡∏ñ,3279
‡∏û‡∏±‡∏ô‡∏ò‡πå,3280
‡∏ô‡∏∏‡πà‡∏ô,3281
‡∏†‡∏π‡∏ï,3282
‡∏û‡∏¥‡∏®‡∏ß‡∏≤‡∏™,3283
‡∏á‡∏≠‡∏ô,3284
‡∏Ñ‡πâ‡∏≠,3285
‡πÄ‡∏Ç‡πâ‡∏≤‡∏Å‡∏±‡∏ô,3286
‡πÉ‡∏™‡πà‡πÉ‡∏à,3287
‡∏ï‡∏∞‡πÄ‡∏Å‡∏µ‡∏¢‡∏ö,3288
‡∏Å‡∏≤‡∏•‡πÄ‡∏ó‡∏®‡∏∞,3289
‡∏≠‡∏±‡∏•,3290
‡∏Ç‡∏±‡πâ‡∏ô‡∏ï‡∏≠‡∏ô,3291
‡∏û‡∏¥‡∏Ü‡∏≤‡∏ï,3292
‡∏õ‡∏£‡∏¥‡∏°‡∏≤‡∏ì,3293
‡∏•‡∏¥‡∏ï‡∏£,3294
‡∏Å‡∏£‡∏±‡∏°,3295
‡∏Ñ‡∏π‡πà‡∏´‡∏π,3296
‡∏≠‡∏à.,3297
‡∏ß‡∏¥‡∏õ‡∏£‡∏¥‡∏ï,3298
‡πÄ‡∏Ç‡πâ‡∏°,3299
‡πÅ‡∏´‡∏ô‡∏ö,3300
‡πÅ‡∏ô‡∏°,3301
‡πÅ‡∏ö‡πà‡∏á‡πÅ‡∏¢‡∏Å,3302
‡∏à‡∏±‡πä‡∏Å‡πÄ‡∏£‡πâ‡∏Ñ‡∏á,3303
‡∏Ñ‡∏ß‡∏≤‡∏°‡∏ä‡πà‡∏ß‡∏¢‡πÄ‡∏´‡∏•‡∏∑‡∏≠,3304
‡πÄ‡∏Ç‡πâ‡∏≤‡∏Å‡∏•‡∏∏‡πà‡∏°,3305
‡πÇ‡∏≠‡πä‡∏¢,3306
‡∏ü‡∏≠,3307
‡∏ï‡πà‡∏≠‡∏´‡∏ô‡πâ‡∏≤‡∏ï‡πà‡∏≠‡∏ï‡∏≤,3308
‡∏Å‡∏∞‡πÇ‡∏´‡∏•‡∏Å,3309
‡∏û‡πà‡∏≤‡∏á,3310
‡∏Å‡∏≤‡∏ô‡∏ô,3311
‡∏Ñ‡∏ñ,3312
‡∏°‡∏°,3313
‡∏Å‡∏ß‡∏¥‡∏ô,3314
‡∏Å‡∏™‡∏¥,3315
‡∏ï‡∏¥‡∏î‡πÄ‡∏ä‡∏∑‡πâ‡∏≠,3316
‡∏ô‡πà‡∏≤‡πÄ‡∏ö‡∏∑‡πà‡∏≠,3317
‡πÑ‡∏™‡πâ,3318
‡∏£‡∏Å‡∏™‡∏°‡∏≠‡∏á,3319
‡∏ú‡πâ‡∏≤‡∏•‡∏π‡∏Å‡πÑ‡∏°‡πâ,3320
‡∏≠‡πà‡∏≠‡∏ô‡πÑ‡∏´‡∏ß,3321
‡∏£‡∏π‡∏°,3322
‡∏¢‡πâ‡∏≤‡∏¢‡∏≠‡∏≠‡∏Å,3323
‡∏Ñ‡∏ì‡∏∞,3324
strong,3325
‡∏Ñ‡∏ß‡∏≤‡∏°‡∏™‡∏ô‡∏∏‡∏Å,3326
‡πÄ‡∏™‡∏µ‡∏¢‡πÅ‡∏£‡∏á,3327
‡πÑ‡∏ß‡πâ‡πÉ‡∏à,3328
‡πÇ‡∏´‡πâ,3329
‡πÄ‡∏ó‡∏µ‡∏¢‡∏ß,3330
‡∏õ‡∏£‡∏∞‡πÄ‡∏™‡∏£‡∏¥‡∏ê,3331
‡∏ó‡∏£‡∏±‡∏û‡∏¢‡πå,3332
‡∏Ñ‡∏ß‡∏≤‡∏°‡πÄ‡∏´‡πá‡∏ô,3333
‡∏°‡∏ó,3334
‡πÅ‡∏Ñ‡∏°‡πÄ‡∏õ‡∏ç,3335
‡∏ä‡∏ô‡∏∞‡∏Ç‡∏≤‡∏î‡∏•‡∏≠‡∏¢,3336
‡∏Ñ‡∏∏‡∏ì‡∏ú‡∏π‡πâ‡∏ä‡∏≤‡∏¢,3337
‡∏•‡∏î,3338
‡∏Ñ‡∏ß‡∏≤‡∏°‡πÄ‡∏™‡∏µ‡πà‡∏¢‡∏á,3339
‡∏£‡∏∞‡∏°‡∏±‡∏î‡∏£‡∏∞‡∏ß‡∏±‡∏á,3340
‡∏®‡∏±‡∏Å‡∏¢‡∏†‡∏≤‡∏û,3341
‡πÄ‡∏´‡πá‡∏ô‡πÑ‡∏î‡πâ‡∏ä‡∏±‡∏î,3342
‡∏´‡πà‡∏ß‡∏¢‡πÅ‡∏ï‡∏Å,3343
‡∏ö‡∏¥‡∏î,3344
‡∏Ç‡∏à‡∏£,3345
‡∏¢‡∏¢‡∏¢‡∏¢‡∏¢‡∏¢‡∏¢,3346
‡πÄ‡∏ü‡∏¢‡πå,3347
‡∏¢‡∏¢‡∏¢‡∏¢‡∏¢‡∏¢‡∏¢‡∏¢,3348
‡∏™‡∏≠,3349
‡∏ñ‡πà‡∏≤‡∏¢‡∏£‡∏π‡∏õ,3350
‡∏™‡∏ß‡∏°,3351
‡∏´‡∏°‡∏ß‡∏Å,3352
‡∏´‡∏ô‡∏≠‡∏á‡∏ô‡πâ‡∏≥,3353
‡πÄ‡∏õ‡πá‡∏ô‡πÄ‡∏ß‡∏•‡∏≤,3354
‡∏û‡∏±‡∏ô‡∏õ‡∏µ,3355
‡∏ä‡∏±‡πà‡∏ß‡∏ä‡∏µ‡∏ß‡∏¥‡∏ï,3356
‡πÄ‡∏Å‡∏≤‡∏´‡∏•‡∏µ‡πÄ‡∏´‡∏ô‡∏∑‡∏≠,3357
‡∏ö‡∏≤‡∏ô‡∏õ‡∏•‡∏≤‡∏¢,3358
‡∏£‡∏±‡∏á‡∏Ñ‡∏ß‡∏≤‡∏ô,3359
‡∏´‡∏ô‡∏≤‡∏ß,3360
‡∏Ç‡∏∂‡πâ‡∏ô‡∏ä‡∏∑‡πà‡∏≠‡∏ß‡πà‡∏≤,3361
‡πÇ‡∏à‡∏ó‡∏¢‡πå,3362
‡∏£‡∏≤‡∏Å‡∏´‡∏ç‡πâ‡∏≤,3363
‡∏û‡∏≤‡∏´‡∏ô‡∏∞,3364
‡∏ï‡∏∞‡∏•‡∏≠‡∏ô,3365
‡∏ó‡πâ‡∏≠‡∏á‡∏ô‡∏≤,3366
‡∏™‡∏°‡∏ö‡∏∏‡∏Å‡∏™‡∏°‡∏ö‡∏±‡∏ô,3367
‡∏Å‡∏•‡∏≤‡∏á‡∏ó‡∏≤‡∏á,3368
‡πÅ‡∏ï‡∏Å‡∏°‡∏±‡∏ô,3369
‡∏î‡∏π‡πÑ‡∏°‡πà‡πÑ‡∏î‡πâ,3370
‡∏Ñ‡∏∑‡∏ô‡∏ô‡∏µ‡πâ,3371
‡∏ö‡∏¥‡πä‡∏ô‡∏ó‡πå,3372
‡∏™‡∏¥‡∏£‡∏µ,3373
‡∏°‡∏á‡∏Å‡∏∏‡∏é,3374
miss,3375
international,3376
2019,3377
‡∏ã‡∏¥‡∏á‡πÄ‡∏Å‡∏¥‡∏•,3378
‡∏ô‡∏≤‡∏á‡πÅ‡∏ö‡∏ö,3379
‡πÄ‡∏ã‡πá‡∏Å‡∏ã‡∏µ‡πà,3380
‡πÅ‡∏ô‡∏ó,3381
‡πÄ‡∏Å‡∏®,3382
‡∏£‡∏¥‡∏ô,3383
‡∏™‡∏á‡∏Ñ‡∏£‡∏≤‡∏°‡πÇ‡∏•‡∏Å,3384
‡∏†‡∏±‡∏¢,3385
‡πÅ‡∏•‡πâ‡∏á,3386
‡∏Å‡∏§‡∏ï,3387
‡∏ô‡∏¥‡∏ä,3388
21.25,3389
gmm,3390
‡∏Ñ‡∏ô‡∏£‡∏π‡πâ‡∏à‡∏±‡∏Å,3391
‡∏ö‡∏∏‡∏´‡∏£‡∏µ‡πà,3392
‡∏û‡∏≤‡∏£‡∏≤‡∏Å‡∏≠‡∏ô,3393
‡∏£‡∏π‡∏õ‡πÅ‡∏ö‡∏ö,3394
‡πÄ‡∏ß‡πâ‡∏ô,3395
‡πÅ‡∏Å‡πâ,3396
‡∏´‡∏•‡∏∏‡∏°,3397
‡∏£‡∏∏‡πà‡∏ô‡πÉ‡∏´‡∏°‡πà,3398
‡∏ö‡∏π‡πä,3399
‡∏Ñ‡∏≠‡∏°‡πÄ‡∏°‡∏î‡∏µ‡πâ,3400
‡∏ã‡∏≠,3401
‡∏ü‡∏•‡∏á,3402
‡πÄ‡∏ó‡πâ‡∏ô‡∏ó‡πå,3403
‡∏û‡πà‡∏≠‡∏ö‡πâ‡∏≤‡∏ô,3404
‡∏ß‡∏≤‡πÄ‡∏•‡∏ô‡πÑ‡∏ó‡∏ô‡πå,3405
‡∏ó‡∏≥‡∏≠‡∏≤‡∏´‡∏≤‡∏£,3406
‡∏Ç‡∏≠‡∏á‡∏´‡∏ß‡∏≤‡∏ô,3407
‡∏ï‡∏¥‡∏î‡∏ï‡∏≤‡∏°‡∏ú‡∏•‡∏á‡∏≤‡∏ô,3408
until,3409
we,3410
seoul,3411
again,3412
‡πÄ‡∏ô‡∏∑‡πâ‡∏≠‡∏Ñ‡∏π‡πà,3413
‡∏≠‡∏µ‡∏Å‡∏Ñ‡∏£‡∏±‡πâ‡∏á,3414
uwmaseries,3415
‡∏î‡πâ‡∏≤‡∏¢,3416
‡∏à‡∏±‡∏î‡∏Å‡∏¥‡∏à‡∏Å‡∏£‡∏£‡∏°,3417
exclusive,3418
‡∏û‡∏Ñ.,3419
"35,990",3420
‡∏™‡∏≥‡∏£‡∏≠‡∏á,3421
‡∏ó‡∏µ‡πà‡∏ô‡∏±‡πà‡∏á,3422
097,3423
918,3424
7824,3425
‡∏™‡∏≠‡∏ö‡∏ñ‡∏≤‡∏°,3426
‡∏ô‡πâ‡∏≥‡∏¢‡πà‡∏≠‡∏¢,3427
‡πÇ‡∏•‡πà,3428
‡πÄ‡∏°‡∏∑‡πà‡∏≠‡∏Å‡∏µ‡πâ,3429
‡πÄ‡∏ã‡πá‡∏ô,3430
k-pop,3431
fact,3432
‡∏à‡∏≥‡∏´‡∏ô‡πà‡∏≤‡∏¢,3433
‡∏ß‡∏±‡∏ô‡∏î‡∏µ,3434
‡πÅ‡∏°‡πà‡∏ã‡∏∑‡πâ‡∏≠,3435
‡πÄ‡∏Ñ‡∏•‡∏∑‡πà‡∏≠‡∏ô‡πÑ‡∏´‡∏ß,3436
‡∏ä‡∏¥‡∏á‡∏î‡∏µ‡∏ä‡∏¥‡∏á‡πÄ‡∏î‡πà‡∏ô,3437
‡∏•‡πà‡∏≤,3438
‡∏´‡∏¥‡∏ß,3439
‡∏Ñ‡∏π,3440
‡∏™‡∏∞‡∏™‡∏°,3441
‡∏ó‡∏≥‡∏ô‡∏≠‡∏á,3442
‡∏Ñ‡∏£‡∏±‡πâ‡∏á‡∏™‡∏∏‡∏î‡∏ó‡πâ‡∏≤‡∏¢,3443
"..""",3444
‡∏ü‡∏±‡∏á‡πÄ‡∏û‡∏£‡∏≤‡∏∞,3445
‡∏ó‡∏±‡∏®‡∏ô‡∏®‡∏∂‡∏Å‡∏©‡∏≤,3446
‡∏û‡∏≠‡πÜ ‡∏Å‡∏±‡∏ö,3447
‡πÄ‡∏£‡∏µ‡∏¢‡∏ô‡∏£‡∏π‡πâ,3448
‡∏Ñ‡∏ß‡∏≤‡∏°‡∏°‡∏´‡∏±‡∏®‡∏à‡∏£‡∏£‡∏¢‡πå,3449
‡∏™‡∏£‡πà‡∏≤‡∏á,3450
‡πÄ‡∏õ‡∏•‡∏µ‡πà‡∏¢‡∏ô‡πÉ‡∏à,3451
125,3452
‡∏ú‡∏∑‡∏ô,3453
‡∏Å‡∏•‡∏∑‡∏ô‡∏ô‡πâ‡∏≥‡∏•‡∏≤‡∏¢,3454
‡∏´‡πà‡∏≤‡∏á‡πÑ‡∏Å‡∏•,3455
‡∏Ñ‡∏ß‡∏≤‡∏°‡∏´‡πà‡∏ß‡∏á‡πÉ‡∏¢,3456
‡πÉ‡∏´‡πá,3457
‡∏™‡∏≥‡∏•‡∏±‡∏Å,3458
‡πÄ‡πÄ‡∏•‡∏Å‡πá‡∏™‡∏≤,3459
‡πÅ‡∏™‡∏ö,3460
‡∏û‡∏£‡∏∞‡πÄ‡∏î‡∏ä‡∏û‡∏£‡∏∞‡∏Ñ‡∏∏‡∏ì,3461
‡πÅ‡∏•‡πá‡∏ö,3462
‡∏ô‡πâ‡∏≠‡∏á‡πÉ‡∏´‡∏°‡πà,3463
‡∏ö‡∏•‡∏π‡πÄ‡∏ö‡∏≠‡∏£‡πå‡∏£‡∏µ‡πà,3464
‡∏ü‡∏¥‡∏ô‡πÜ,3465
‡∏ó‡∏≤‡∏ô,3466
üòã,3467
‡πÉ‡∏™‡πâ,3468
‡∏´‡∏•‡∏≤‡∏Å,3469
üëØ‚Äç‚ôÄ‚Äç,3470
‡πÑ‡∏≠‡∏ï‡∏¥‡∏°,3471
‡πÅ‡∏Æ‡∏∞,3472
lady,3473
first,3474
‡∏õ‡∏™‡∏î.,3475
‚Äã‡πÄ‡∏û‡∏¥‡πà‡∏•,3476
‡∏ô‡∏±‡∏á,3477
‡∏õ‡∏£‡∏¥‡∏ç‡∏ç‡∏≤‡∏ï‡∏£‡∏µ,3478
‡πÑ‡∏ä‡πà‚Äã,3479
‡∏™‡∏≤‡∏ò‡∏¢‡∏≤‡∏¢,3480
‡∏£‡∏≤‡∏¢‡∏•‡∏∞‡πÄ‡∏≠‡∏µ‡∏¢‡∏î,3481
‡∏Ç‡∏∏‡∏î,3482
‡πÄ‡∏õ‡∏¥‡∏î‡∏£‡∏±‡∏ö,3483
‡∏™‡∏¥‡πà‡∏á‡πÉ‡∏´‡∏°‡πà,3484
‡∏ö‡πá‡∏≠‡∏Å,3485
‡∏™‡∏±‡∏°,3486
‡∏ï‡∏±‡∏ß‡∏™‡∏±‡πà‡∏ô,3487
‡∏ô‡∏∂‡∏Å‡∏Ñ‡∏¥‡∏î,3488
‡πÄ‡∏´‡∏°‡∏µ‡∏¢‡∏ß,3489
‡∏ó‡∏≥‡∏Ñ‡∏£‡∏±‡∏ß,3490
‡∏©‡∏¥‡∏ô,3491
‡∏ö‡∏á‡∏Å‡∏≤‡∏£,3492
‡πÄ‡∏â‡πÑ‡∏â,3493
‡∏£‡∏ñ‡πÑ‡∏ü,3494
‡∏Ñ‡∏ß‡∏≤‡∏°‡∏™‡∏á‡∏™‡∏≤‡∏£,3495
‡πÄ‡∏´‡πá‡∏ô‡πÉ‡∏à,3496
‡πÄ‡∏î‡πá‡∏Å‡∏õ‡∏£‡∏∞‡∏ñ‡∏°,3497
‡πÇ‡∏Å‡πà‡∏á,3498
‡πÅ‡∏õ‡∏ö,3499
‡∏ó‡∏¥‡∏ä,3500
‡∏ä‡∏π‡πà,3501
‡πÄ‡∏ä‡πá‡∏î,3502
‡∏Ñ‡∏∏‡∏¢‡πÄ‡∏Å‡πà‡∏á,3503
üòä‚úå,3504
‡∏à‡∏≠‡∏á,3505
‡∏®‡∏≤‡∏•‡∏≤‡∏ß‡∏±‡∏î,3506
‡∏û‡∏£‡∏∞‡πÑ‡∏ï‡∏£‡∏õ‡∏¥‡∏é‡∏Å,3507
‡∏™‡∏£‡πâ‡∏≤‡∏á‡∏†‡∏≤‡∏û,3508
‡∏á‡∏≤‡∏ô‡∏ö‡∏∏‡∏ç,3509
‡πÇ‡∏Ñ‡∏£‡∏á‡∏Å‡∏≤‡∏£,3510
‡∏±‡∏¢‡∏ô,3511
‡πÄ‡∏£‡∏ô‡πÄ‡∏à‡∏≠‡∏£‡πå,3512
üò´,3513
‡πÑ‡∏´‡∏ô‡∏ß‡πà‡∏≤,3514
‡∏≠‡∏±‡∏ô‡∏ï‡∏£‡∏≤‡∏¢,3515
‡πÄ‡∏Ç‡πâ‡∏≤‡πÉ‡∏Å‡∏•‡πâ,3516
‡∏≠‡πâ‡∏≤,3517
‡πÄ‡∏û‡πâ‡∏≠,3518
‡πÉ‡∏´‡∏±,3519
‡∏ú‡∏π‡πâ‡πÄ‡∏™‡∏µ‡∏¢‡∏´‡∏≤‡∏¢,3520
‡πÅ‡∏Å‡πâ‡∏ï‡πà‡∏≤‡∏á,3521
‡∏ú‡∏π‡πâ‡∏ô‡∏≥‡∏õ‡∏£‡∏∞‡πÄ‡∏ó‡∏®,3522
‡∏≠‡∏≤‡∏™‡∏≤‡∏™‡∏°‡∏±‡∏Ñ‡∏£,3523
‡πÄ‡∏Ç‡∏≤‡∏î‡∏¥‡∏ô,3524
‡πÄ‡∏û‡∏ó,3525
‡πÄ‡∏ï‡πà‡∏≤,3526
‡∏≠‡∏µ‡∏Å‡∏±‡∏ß‡∏ô‡πà‡∏≤,3527
‡∏Ñ‡∏ï‡∏¥,3528
‡∏ß‡∏¥‡∏ò‡∏µ‡∏Å‡∏≤‡∏£,3529
‡∏Å‡∏∏‡∏°‡∏†‡∏≤‡∏û‡∏±‡∏ô‡∏ò‡πå,3530
‡∏Ñ‡∏£‡∏ö‡∏£‡∏≠‡∏ö,3531
‚Äò,3532
secretlove,3533
‡∏à‡∏∏‡∏î‡∏Å‡∏≥‡πÄ‡∏ô‡∏¥‡∏î,3534
‚Äò‡∏õ‡∏¥‡πä‡∏Å,3535
‡πÄ‡∏ä‡∏¥‡∏ç‡∏ä‡∏ß‡∏ô,3536
‡∏´‡∏ô‡∏∏‡∏ö‡∏´‡∏ô‡∏±‡∏ö,3537
‡∏ô‡∏ô‡∏ô‡∏ô,3538
‡∏¢‡∏±‡∏á‡∏≠‡∏µ‡∏Å,3539
‡∏™‡∏ô‡∏≤‡∏°,3540
ü¶∂üèª,3541
‡∏ö‡∏≤‡∏£‡∏°‡∏µ,3542
‡∏Å‡∏∏‡∏°‡πÄ‡∏´‡∏á,3543
‡∏î‡πâ‡∏≠‡∏¢‡πÇ‡∏≠‡∏Å‡∏≤‡∏™,3544
‡∏•‡∏≥‡πÑ‡∏¢,3545
‡πÑ‡∏•‡∏ü‡πå‡∏™‡πÑ‡∏ï‡∏•‡πå,3546
‡∏ô‡πà‡∏≤‡πÄ‡∏Å‡∏•‡∏µ‡∏¢‡∏î,3547
#‡πÄ‡∏ô,3548
‡πÄ‡∏´‡∏•‡∏∑‡∏≠‡∏Ç‡∏≠,3549
?‡∏´‡∏∑‡∏°,3550
‡∏Ç‡πâ‡∏≠‡∏°‡∏∑‡∏≠,3551
new,3552
year,3553
‡∏Ç‡∏≠‡∏ö,3554
‡∏ï‡∏±‡∏ß‡∏ô‡∏≤‡∏á,3555
slim,3556
‡πÄ‡∏ó‡∏û,3557
‡∏•‡∏∞‡πÇ‡∏°‡∏ö,3558
‡∏´‡∏•‡∏≠‡∏Å‡∏´‡∏•‡∏≠‡∏ô,3559
‡∏´‡∏°‡∏≤‡∏´‡∏¢‡∏≠‡∏Å‡πÑ‡∏Å‡πà,3560
‡∏®‡∏¥‡∏•‡∏õ‡∏∞,3561
‡πÄ‡∏£‡∏∑‡πà‡∏≠‡∏á‡∏£‡∏≤‡∏ß,3562
b,3563
‡∏™‡∏π‡πâ‡∏Ñ‡∏ô,3564
‡πÄ‡∏´‡∏ô‡πá‡∏ö,3565
‡∏ß‡∏≤‡∏à‡∏≤,3566
‡∏Å‡∏≥‡∏õ‡∏±‡πâ‡∏ô,3567
‡πÄ‡∏≠‡πâ‡∏≤!!,3568
‡∏ú‡∏π‡πâ‡∏ï‡πâ‡∏≠‡∏á‡∏´‡∏≤,3569
‡∏õ‡∏£‡∏∞‡∏Å‡∏±‡∏ô‡∏ï‡∏±‡∏ß,3570
‡∏ô‡∏≥‡πÄ‡∏Ç‡πâ‡∏≤,3571
‡∏•‡∏µ,3572
‡∏à‡∏î‡∏´‡∏°‡∏≤‡∏¢,3573
shop,3574
11,3575
‡∏ö‡∏¥‡πä‡∏Å‡∏ã‡∏µ,3576
‡∏≠‡∏±‡∏á,3577
‡∏Å‡∏≠,3578
‡∏•‡∏±‡∏ó‡∏ò‡∏¥,3579
‡∏Å‡∏¥‡∏ô‡∏ô‡πâ‡∏≥,3580
‡πÑ‡∏î‡πâ‡∏Å‡∏•‡∏¥‡πà‡∏ô,3581
‡∏Ç‡∏ß‡∏î,3582
‡∏£‡∏™‡∏ä‡∏≤‡∏ï‡∏¥,3583
‡πÄ‡∏õ‡∏•,3584
‡∏ö‡∏£‡∏£‡πÄ‡∏•‡∏á,3585
‡πÄ‡∏Ç‡πâ‡∏≤‡∏à‡∏±‡∏á‡∏´‡∏ß‡∏∞,3586
‡∏Å‡πâ‡∏≤‡∏ï‡∏ö,3587
‡∏ö‡∏£‡∏¥‡πÄ‡∏ß‡∏ì,3588
‡πÇ‡∏î‡∏°,3589
‡πÇ‡∏£‡∏á‡πÄ‡∏£‡∏µ‡∏¢‡∏ô‡∏™‡∏ï‡∏£‡∏µ,3590
18.00,3591
‡∏ó‡∏∏‡∏ô‡∏Å‡∏≤‡∏£‡∏®‡∏∂‡∏Å‡∏©‡∏≤,3592
‡∏ó‡∏£‡∏π,3593
‡∏ô‡∏¥‡∏¢‡∏≤‡∏¢,3594
‡∏Ç‡∏µ‡πâ‡∏Ñ‡∏∏‡∏¢,3595
‡∏°‡∏∏‡πâ‡∏õ‡∏õ‡∏õ‡∏õ‡∏õ‡∏õ‡∏õ‡∏õ‡∏õ‡∏õ,3596
‡∏Ç‡πà‡∏∞,3597
‡∏ã‡πà‡∏≠‡∏ô‡∏ï‡∏±‡∏ß,3598
‡πÄ‡∏ó‡∏µ‡πà‡∏¢‡∏ß‡πÄ‡∏•‡πà‡∏ô,3599
‡∏û‡∏£‡∏∞‡πÄ‡∏à‡πâ‡∏≤,3600
‡∏•‡πà‡∏ß‡∏á‡∏´‡∏ô‡πâ‡∏≤,3601
‡πÑ‡∏î‡πâ‡πÇ‡∏≠‡∏Å‡∏≤‡∏™,3602
‡∏Ñ‡∏•‡πâ‡∏≠‡∏¢‡∏ï‡∏≤‡∏°,3603
‡∏Ñ‡∏ô‡πÄ‡∏≠‡πÄ‡∏ä‡∏µ‡∏¢,3604
‡πÄ‡πÄ‡∏ã‡∏∞,3605
‡πÄ‡πÄ‡∏ô‡∏ô,3606
‡∏≠‡∏∞‡∏î‡∏¥,3607
‡∏î‡∏ß‡∏á‡∏ï‡∏≤,3608
‡∏¢‡∏≤‡∏°‡∏Ñ‡πà‡∏≥‡∏Ñ‡∏∑‡∏ô,3609
ü§©ü§©,3610
‡∏ó‡∏£‡∏±‡∏°‡∏õ‡πå,3611
‡∏Å‡∏∏‡πÄ‡∏£‡∏∑‡πà‡∏≠‡∏á,3612
‡∏Æ‡∏±‡∏•‡πÇ‡∏´‡∏•,3613
‡πÄ‡∏î‡πá‡∏Å‡∏ú‡∏π‡πâ‡∏´‡∏ç‡∏¥‡∏á,3614
‡πÄ‡∏™‡πâ‡∏ô‡∏õ‡∏£‡∏∞‡∏™‡∏≤‡∏ó,3615
‡∏Ç‡∏π‡∏î‡∏£‡∏µ‡∏î,3616
‡πÅ‡∏•‡∏ô‡∏î‡πå,3617
‡∏™‡∏¥‡∏ô‡∏Ñ‡πâ‡∏≤,3618
‡∏Å‡∏≤‡∏£‡∏¢‡∏±‡∏ö‡∏¢‡∏±‡πâ‡∏á‡∏ä‡∏±‡πà‡∏á‡πÉ‡∏à,3619
‡πÉ‡∏ù‡πà‡∏ï‡πà‡∏≥,3620
‡∏Ñ‡∏ß‡∏≤‡∏°‡πÄ‡∏õ‡πá‡∏ô‡∏ú‡∏π‡πâ‡∏´‡∏ç‡∏¥‡∏á,3621
report,3622
‡πÄ‡∏´‡∏ô‡∏∑‡∏≠‡∏Å‡∏ß‡πà‡∏≤,3623
‡πÇ‡∏ó‡∏î,3624
‡πÇ‡∏ß‡πä‡∏¢,3625
‡πÄ‡∏à‡∏°‡∏™‡πå,3626
‡∏≠‡πâ‡∏≠,3627
‡πÉ‡∏Ñ‡∏£‡∏Å‡πá‡πÑ‡∏î‡πâ,3628
‡πÄ‡∏ü‡∏∑‡∏≠‡∏á,3629
‡∏•‡∏¥‡∏á,3630
‡∏ö‡∏±‡∏á‡∏≠‡∏≤‡∏à,3631
‡∏ö‡∏∏‡∏Å,3632
‡∏≠‡∏±‡∏Å‡∏©‡∏£,3633
‡∏ö‡∏£‡∏£‡∏î‡∏≤,3634
‡∏´‡∏¢‡∏≠‡∏¢,3635
‡∏ñ‡∏ô‡∏∞,3636
‡πÄ‡∏ã‡∏ô,3637
‡πÄ‡∏î‡∏¥‡∏ô‡∏õ‡πà‡∏≤,3638
‡πÄ‡∏Ç‡πâ‡∏≤‡∏ô‡∏≠‡∏ô,3639
üåô,3640
‡∏ú‡∏•‡∏ú‡∏•‡∏¥‡∏ï,3641
‡∏Ñ‡∏∏‡∏ì‡∏†‡∏≤‡∏û‡∏ä‡∏µ‡∏ß‡∏¥‡∏ï,3642
‡∏ñ‡∏∏‡∏á‡∏¢‡∏≤‡∏á‡∏≠‡∏ô‡∏≤‡∏°‡∏±‡∏¢,3643
‡πÄ‡∏Ñ‡∏¢‡∏õ‡∏≤‡∏Å,3644
‡∏ô‡πâ‡∏≥‡∏ï‡∏≤‡∏•,3645
‡∏î‡∏∏,3646
‡πÄ‡∏Å‡πâ,3647
‡πÑ‡∏Ç,3648
‡∏´‡∏•‡∏≠‡∏Å‡∏ï‡∏±‡∏ß‡πÄ‡∏≠‡∏á,3649
‡∏Ñ‡∏ô‡∏û‡∏π‡∏î,3650
‡πÄ‡∏•‡∏µ‡πà‡∏¢‡∏á,3651
‡∏ö‡∏≤‡∏•‡∏µ,3652
‡∏Æ,3653
‡∏¢‡∏Å‡πÉ‡∏´‡∏ç‡πà,3654
‡∏´‡∏á‡∏™‡πå,3655
‡∏°‡∏±‡∏á‡∏Å‡∏£,3656
‡∏û‡∏¢‡∏±‡∏Ñ‡∏Ü‡πå,3657
‡∏™‡∏¥‡∏á‡πÇ‡∏ï,3658
‡∏õ‡∏≤‡∏Å‡∏´‡∏°‡∏≤,3659
‚Äù‡∏ï‡∏ö‚Äù,3660
‡∏Ñ‡∏ß‡∏≤‡∏°‡∏™‡∏≤‡∏°‡∏≤‡∏£‡∏ñ,3661
‡∏Ñ‡πâ‡∏≥,3662
‡∏Ñ‡∏≤‡∏á,3663
‡∏´‡∏£‡∏µ‡πà,3664
‡∏Ñ‡∏•‡∏¥‡∏Å,3665
‡∏°‡∏∑‡∏≠‡∏ñ‡∏∑‡∏≠,3666
‡πÄ‡∏Ñ‡πâ‡∏Å,3667
‡πÑ‡∏õ‡∏°‡∏≤,3668
!‚Äù,3669
classic,3670
gameshop,3671
shield,3672
sword,3673
‡∏ä‡πå,3674
‡∏õ‡∏•‡∏á,3675
1988,3676
‡∏ã‡∏±‡∏ö,3677
‡∏ö‡∏£‡∏¥‡∏ö‡∏ó,3678
‡πÄ‡∏™‡∏ô‡πà‡∏´‡πå,3679
‡πÅ‡∏ó‡∏ö‡∏à‡∏∞,3680
100,3681
%,3682
‡πÅ‡∏ó‡∏ô‡∏ó‡∏µ‡πà,3683
‡∏ã‡∏≤‡∏ß,3684
‡∏î‡πå,3685
‡∏£‡πà‡∏≥‡πÑ‡∏õ,3686
‡∏ó‡∏≤‡∏ô‡∏Ç‡πâ‡∏≤‡∏ß,3687
‡∏´‡πà‡∏≤‡∏á,3688
‡πÉ‡∏à‡∏à‡∏£‡∏¥‡∏á,3689
‡∏£‡∏π‡πâ‡∏≠‡∏¢‡∏π‡πà,3690
‡∏™‡∏ñ‡∏≤‡∏ô‡∏∞,3691
‡∏ó‡∏±‡∏ä,3692
‡∏õ‡∏•‡∏∑‡πâ‡∏°‡πÉ‡∏à,3693
‡∏≠‡∏∂‡∏ô,3694
‡∏Ñ‡∏ß‡∏≤‡∏°‡∏Å‡∏•‡πâ‡∏≤,3695
‡πÅ‡∏ï‡πà‡πÅ‡∏£‡∏Å,3696
‡πÑ‡∏°‡πà‡πÄ‡∏≠‡∏≤‡πÑ‡∏´‡∏ô,3697
‡∏õ‡∏£‡∏±‡∏ö‡∏ï‡∏±‡∏ß,3698
‡∏ö‡∏Å‡∏û‡∏£‡πà‡∏≠‡∏á,3699
‡∏Ñ‡∏ß‡∏≤‡∏°‡∏Å‡∏î‡∏î‡∏±‡∏ô,3700
‡∏Ç‡∏µ‡∏î‡πÄ‡∏™‡πâ‡∏ô,3701
‡πÄ‡∏î‡∏¥‡∏ô‡∏ï‡∏≤‡∏°,3702
‡∏Ç‡∏µ‡∏î,3703
‡πÄ‡∏Ç‡πâ‡∏≤‡∏Ç‡πà‡∏≤‡∏¢,3704
‡∏≠‡∏≠‡∏Å‡∏´‡∏ô‡πâ‡∏≤,3705
gat,3706
‡πÄ‡∏ä‡∏∑‡πà‡∏≠‡∏°‡πÇ‡∏¢‡∏á,3707
++,3708
‡πÄ‡πÄ‡∏°‡πà‡∏á,3709
how,3710
to,3711
‡∏´‡∏ô‡∏≠‡∏ô,3712
‡∏Ç‡∏∂‡πâ‡∏ô‡∏´‡∏ô‡πâ‡∏≤,3713
‡πÉ‡∏ä‡πâ‡∏á‡∏≤‡∏ô,3714
‡πÄ‡∏°‡πá‡∏î‡πÄ‡∏á‡∏¥‡∏ô,3715
‡πÅ‡∏°‡πâ‡∏ß,3716
‡∏´‡∏ô‡πâ‡∏≤‡πÅ‡∏´‡∏Å,3717
‡∏ó‡∏∞‡πÄ‡∏•‡∏≤‡∏∞‡∏ß‡∏¥‡∏ß‡∏≤‡∏ó,3718
‡∏ö‡∏±‡∏ô,3719
‡∏î‡∏≤‡∏•‡πÇ‡∏ó‡∏™‡∏∞,3720
‡∏ï‡∏≠‡∏ô‡∏ó‡πâ‡∏≤‡∏¢,3721
‡πÄ‡∏´‡πá‡∏ô‡∏ä‡∏±‡∏î,3722
‡πÄ‡πÄ‡∏ö‡∏ö‡πÄ,3723
‡πÄ‡∏ï‡∏Å,3724
‡∏ß..,3725
‡∏°‡∏±‡∏î,3726
‡πÄ‡∏à‡∏•,3727
‡πÇ‡∏•‡∏ä‡∏±‡πà‡∏ô,3728
love,3729
rose,3730
thousand,3731
wishes,3732
‡πÄ‡∏•‡πá‡∏á,3733
‡∏ï‡∏∏‡∏ô,3734
‡πÅ‡∏ï‡∏î,3735
‡∏Ñ‡∏ß‡∏≤‡∏°‡πÄ‡∏ô‡πà‡∏≤,3736
‡πÅ‡∏ó‡∏á,3737
‡∏Ñ‡∏•,3738
‡πÄ‡∏•‡∏µ‡πâ‡∏¢‡∏á‡πÑ‡∏î‡πâ‡πÅ‡∏ï‡πà‡∏ï‡∏±‡∏ß,3739
‡∏´‡∏ô‡∏∏‡∏ô,3740
‡∏£‡∏î‡∏µ,3741
‡πÑ‡∏î‡πâ‡∏õ‡∏£‡∏∞‡πÇ‡∏¢‡∏ä‡∏ô‡πå,3742
‡πÄ‡∏õ‡∏•‡∏µ‡πà‡∏¢‡∏ô‡∏Ñ‡∏ß‡∏≤‡∏°‡∏Ñ‡∏¥‡∏î,3743
‡∏î‡∏¥‡∏£‡∏±‡∏à‡∏â‡∏≤‡∏ô,3744
‡∏Å‡∏•‡πà‡∏≤‡∏ß‡∏´‡∏≤,3745
‡∏à‡∏∏‡∏î‡∏®‡∏π‡∏ô‡∏¢‡πå‡∏Å‡∏•‡∏≤‡∏á,3746
‡∏´‡∏°‡∏∏‡∏ô,3747
‡∏Å‡πâ‡∏°‡∏´‡∏ô‡πâ‡∏≤,3748
‡πÄ‡∏ä‡∏¢,3749
‡πÄ‡∏´‡∏°‡∏≤‡∏∞,3750
‡∏ß‡∏∏‡πà‡∏ô‡∏ß‡∏≤‡∏¢,3751
‡πÄ‡∏¢‡πà,3752
‡∏ù‡∏≤‡∏ô,3753
‡∏ö‡∏±‡∏Ñ,3754
‡πÑ‡∏•‡πà‡∏≠‡∏≠‡∏Å,3755
‡πÄ‡∏ï‡πâ‡∏¢,3756
‡πÇ‡∏ü‡∏£‡πå,3757
‡πÄ‡∏ö,3758
‡πÄ‡∏ö‡πâ,3759
‡∏Å‡∏¥‡πâ‡∏î‡πÜ‡πÜ‡πÜ‡πÜ,3760
‡πÅ‡∏à‡πâ‡∏á‡∏ï‡∏≥‡∏£‡∏ß‡∏à,3761
‡∏≠‡∏¥‡∏™‡∏±‡∏™,3762
‡πÄ‡∏Ñ‡∏£‡∏∑‡πà‡∏≠‡∏á‡∏î‡∏π‡∏î‡∏ù‡∏∏‡πà‡∏ô,3763
‡∏Ç‡∏µ‡πâ‡∏Ç‡πâ‡∏≤,3764
‡∏™‡∏ß‡∏î‡∏°‡∏ô‡∏ï‡πå,3765
‡πÄ‡∏´‡∏•‡∏µ‡πà‡∏¢‡∏°,3766
‡∏Ç‡∏¢‡∏∞‡πÅ‡∏Ç‡∏¢‡∏á,3767
‡πÄ‡∏≠‡πá‡∏ô,3768
‡∏î‡∏π‡∏´‡∏°‡∏≠,3769
‡πÑ‡∏°,3770
‡∏Å‡∏£‡∏∏‡∏á‡πÄ‡∏ó‡∏û,3771
‡∏û‡∏¥‡∏©,3772
‡∏û‡∏•‡∏≠,3773
pedo,3774
based,3775
‡∏ß‡∏¥‡∏ä‡∏≤‡∏ä‡∏µ‡∏û,3776
‡∏Å‡∏≤‡∏£‡∏Ñ‡∏ô,3777
‡∏ö‡∏ß‡∏ä,3778
‡πÑ‡∏°‡πà‡πÄ‡∏ö‡∏≤,3779
‡∏™‡∏ñ‡∏≤‡∏ô,3780
‡πÅ‡∏û‡∏∞,3781
‡∏ó‡∏±‡πà‡∏ß‡πÄ‡∏°‡∏∑‡∏≠‡∏á,3782
‡∏ó‡∏≥‡πÄ‡∏≠‡∏≤,3783
‡∏õ‡∏∏‡πà‡∏°‡∏Å‡∏î,3784
‡∏Ñ‡∏ô‡∏Ñ‡∏∏‡πâ‡∏ô‡πÄ‡∏Ñ‡∏¢,3785
‡πÉ‡∏´‡πâ‡∏£‡πâ‡∏≤‡∏¢,3786
‡∏Ç‡∏≠‡πÄ‡∏ß‡∏•‡∏≤,3787
‡πÉ‡∏´‡πâ‡∏Ñ‡∏ß‡∏≤‡∏°‡∏£‡∏π‡πâ,3788
‡∏ß‡∏¥‡∏ó‡∏¢‡∏≤‡∏Å‡∏£,3789
‡πÄ‡∏ô‡∏∑‡πâ‡∏≠‡∏ï‡∏±‡∏ß,3790
‡∏Ñ‡πà‡∏≤‡∏ô‡∏¥‡∏¢‡∏°,3791
555555555555,3792
‡πÄ‡∏≠‡∏≤‡∏´‡∏ô‡πâ‡∏≤,3793
‡∏ù‡∏∂‡∏Å‡∏á‡∏≤‡∏ô,3794
‡∏ï‡∏∏‡πâ‡∏î,3795
‡πÄ‡∏™‡∏µ‡πâ‡∏¢‡∏°,3796
‡∏Ñ‡∏•‡∏±‡∏á,3797
‡πÄ‡∏™‡∏µ‡∏¢‡πÄ‡∏á‡∏¥‡∏ô,3798
‡∏Ñ‡∏≠‡∏ô‡πÇ‡∏î,3799
‡∏Å‡∏•‡∏≤‡∏á‡πÄ‡∏°‡∏∑‡∏≠‡∏á,3800
‡πÅ‡∏™,3801
‡∏Å‡∏ô,3802
‡∏™‡πâ‡∏ß‡∏°,3803
‡∏†‡∏≤‡∏ß‡∏ô‡∏≤,3804
‡∏´‡∏°‡∏î‡∏¢‡∏∏‡∏Ñ,3805
‡∏™‡∏ö‡∏≤‡∏¢‡∏î‡∏µ,3806
ig,3807
‡πÑ‡∏°‡πà‡πÄ‡∏´‡πá‡∏ô‡∏à‡∏∞,3808
‡πÇ‡∏•,3809
‡∏Ñ‡∏¥‡∏î‡∏´‡∏ô‡∏±‡∏Å,3810
‡πÄ‡∏≠‡πä‡∏∞,3811
‡∏ó‡∏≥‡πÄ‡∏ô‡∏µ‡∏¢‡∏ö,3812
‡∏Ñ‡∏∏‡∏ì‡∏û‡πà‡∏≠,3813
‡∏Å‡∏£‡∏µ‡∏î‡∏£‡πâ‡∏≠‡∏á,3814
‡πÄ‡∏®‡∏£‡πâ‡∏≤‡πÉ‡∏à,3815
‡πÄ‡∏ï‡∏¢,3816
harrassment,3817
‡∏Ç‡∏ô‡∏ö‡∏ò‡∏£‡∏£‡∏°‡πÄ‡∏ô‡∏µ‡∏¢‡∏°,3818
‡∏ï‡∏£‡∏∞‡∏´‡∏ô‡∏±‡∏Å,3819
‡∏â‡∏•‡∏≠‡∏á,3820
‡∏£‡∏≤‡∏™‡πÄ‡∏ö‡∏≠‡∏£‡πå‡∏£‡∏µ,3821
‡∏û‡∏µ‡∏ä,3822
90,3823
kcal,3824
‡πÇ‡∏°‡πÄ‡∏°‡∏ô‡∏ï‡πå,3825
‡∏û‡∏£‡∏µ‡πÄ‡∏°‡∏µ‡∏¢‡∏°,3826
‡∏°‡∏≤‡∏™,3827
‡∏õ‡∏≤‡∏£,3828
‡∏Ñ‡πå,3829
‡∏ß‡∏¥‡πâ‡∏á‡∏Ñ‡πå,3830
smirnoff,3831
sparkling,3832
‡πÄ‡∏Ñ‡∏£‡∏∑‡πà‡∏≠‡∏á‡∏™‡∏≥‡∏≠‡∏≤‡∏á‡∏Ñ‡πå,3833
‡∏≠‡∏¢‡∏π‡πà‡∏î‡∏µ ‡πÜ,3834
‡πÅ‡∏ó‡πâ ‡πÜ,3835
‡πí,3836
‡πÅ‡∏™‡∏î‡∏á‡∏ó‡πà‡∏≤‡∏ó‡∏µ,3837
‡∏á‡∏≠‡πÅ‡∏á,3838
‡∏û‡∏¥‡∏Å‡∏•,3839
‡∏™‡∏∏‡∏î‡πÅ‡∏•‡πâ‡∏ß‡πÅ‡∏ï‡πà,3840
‡∏ï‡∏≤‡∏°‡πÉ‡∏à,3841
‡∏™‡∏¥‡πâ‡∏ô‡∏™‡∏∏‡∏î,3842
‡∏Å‡∏≠‡∏á‡∏ó‡∏±‡∏û,3843
‡∏•‡πå,3844
‡πÄ‡∏Ç‡πâ‡∏≤‡∏ó‡∏≥‡∏á‡∏≤‡∏ô,3845
‡∏Ç‡∏µ‡πâ‡πÄ‡∏´‡∏£‡πà,3846
‡∏ô‡∏≤‡∏á‡∏ü‡πâ‡∏≤,3847
‡∏£‡∏±‡∏á,3848
‡∏¢‡πà‡∏≤‡∏á,3849
‡∏ã‡∏∑‡πà‡∏≠‡∏™‡∏±‡∏ï‡∏¢‡πå‡∏™‡∏∏‡∏à‡∏£‡∏¥‡∏ï,3850
‡∏™‡∏∞‡∏≠‡∏≤‡∏î‡∏™‡∏∞‡∏≠‡πâ‡∏≤‡∏ô,3851
‡πÄ‡∏Ç‡πá‡∏°,3852
‡∏´‡∏ô‡πâ‡∏≤‡∏ï‡∏±‡∏ß‡πÄ‡∏°‡∏µ‡∏¢,3853
‡∏Ç‡∏µ‡πâ‡∏Ñ‡∏£‡πâ‡∏≤‡∏ô,3854
‡πÄ‡∏≠‡∏≤‡πÄ‡∏õ‡∏£‡∏µ‡∏¢‡∏ö,3855
‡πÉ‡∏°‡πà,3856
‡πÅ‡∏ä‡∏£‡πå,3857
‡∏•‡πâ‡∏°‡∏•‡πâ‡∏≤‡∏á,3858
‡∏Å‡∏©‡∏±‡∏ï‡∏¢‡πå,3859
‡∏ï‡πà‡∏≠‡∏ï‡πâ‡∏≤‡∏ô,3860
‡∏ä‡∏≠‡∏ö‡πÉ‡∏à,3861
‡∏ú‡∏π‡πâ‡∏≠‡∏∑‡πà‡∏ô,3862
‡∏Ç‡πâ‡∏≤‡∏á‡πÄ‡∏î‡∏µ‡∏¢‡∏ß,3863
‡πÄ‡∏ö‡πá‡∏î,3864
itcitybacon,3865
‡∏°‡∏ô,3866
‡∏û‡∏ß‡∏Å‡∏ú‡∏°,3867
üòò,3868
‡πÇ‡∏°‡∏ô‡∏∞,3869
‡∏ú‡∏Å‡∏≤,3870
‡∏à‡πâ‡∏≤‡∏ß,3871
‡∏á‡∏∏‡πâ‡∏¢‡∏¢,3872
ezra,3873
‡πÉ‡∏à‡πÉ‡∏´‡∏ç‡πà,3874
‡∏∞‡∏∞‡∏∞,3875
‡∏î‡∏∏‡πä‡∏Å‡∏î‡∏¥‡πä‡∏Å,3876
‡πÜ‡πÜ‡πÜ‡πÜ‡πÜ,3877
‚Äî,3878
-t,3879
‡πÅ‡∏´‡∏°‡∏∞,3880
‡∏Å‡∏•‡∏¥‡πâ‡∏á,3881
‡∏ù‡∏∑‡∏î,3882
‡πÄ‡∏â‡∏∑‡πà‡∏≠‡∏ô,3883
‡∏ó‡∏µ‡∏°‡∏á‡∏≤‡∏ô,3884
‡∏Ñ‡∏ß‡∏≤‡∏°‡πÄ‡∏õ‡πá‡∏ô‡∏´‡πà‡∏ß‡∏á,3885
‡∏™‡∏™.,3886
‡∏¢‡∏≠‡∏á,3887
‡∏ú‡∏•‡∏¥‡∏ï‡∏†‡∏±‡∏ì‡∏ë‡πå,3888
‡∏ó‡∏±‡πâ‡∏á‡∏™‡∏≠‡∏á‡∏ù‡πà‡∏≤‡∏¢,3889
‡∏ö‡πâ‡∏≤‡∏ô‡πâ‡∏≥‡∏•‡∏≤‡∏¢,3890
‡∏¢‡∏¢‡∏¢!,3891
‡∏à‡∏±‡πä‡∏î,3892
‡∏á‡πà‡∏≤‡∏ß,3893
‡∏£‡∏≠‡∏¢‡∏¢‡∏¥‡πâ‡∏°,3894
‡∏î‡∏¥‡∏ô,3895
‡∏´‡∏•‡πà‡∏≠‡πÄ‡∏•‡∏µ‡πâ‡∏¢‡∏á,3896
"50,000",3897
‡∏Ç‡∏ô,3898
‡∏ó‡∏µ‡πà‡∏î‡∏¥‡∏ô,3899
‡∏™‡∏†‡∏≤‡∏û‡πÅ‡∏ß‡∏î‡∏•‡πâ‡∏≠‡∏°,3900
‡πÄ‡∏Å‡πá‡∏ö‡∏ï‡∏±‡∏ß,3901
‡∏ï‡∏Å‡∏ï‡πà‡∏≥,3902
‡∏ñ‡∏•‡πà‡∏°,3903
‡∏ó‡∏£‡∏∏‡∏î,3904
‡∏•‡∏π‡∏Å‡πÄ‡∏Ç‡∏¢,3905
‡πÇ‡∏Ñ‡∏£‡∏á‡∏™‡∏£‡πâ‡∏≤‡∏á,3906
‡∏•‡∏±‡∏Å‡∏©‡∏ì‡∏∞,3907
‡πÄ‡∏Å‡πà‡∏≤‡πÅ‡∏Å‡πà,3908
‡πÅ‡∏Ç‡πá‡∏á,3909
‡∏£‡∏á,3910
‡∏™‡∏¥‡πà‡∏á‡∏°‡∏µ‡∏ä‡∏µ‡∏ß‡∏¥‡∏ï,3911
‡πÇ‡∏ö‡∏£‡∏≤‡∏ì,3912
95,3913
‡πÄ‡∏õ‡∏≠‡∏£‡πå‡πÄ‡∏ã‡πá‡∏ô‡∏ï‡πå,3914
‡∏Å‡∏£‡∏∞‡∏ö‡∏µ‡πà,3915
‡∏™‡∏∑‡∏ö‡∏™‡∏±‡∏ô‡∏î‡∏≤‡∏ô,3916
‡∏Å‡∏£‡∏∞‡∏à‡∏¥‡∏ö,3917
‡∏£‡∏∞‡∏£‡∏≤‡∏ô,3918
‡∏ó‡∏µ‡∏ó‡πà‡∏≤,3919
‡∏™‡∏∏‡∏ô‡∏±‡∏Ç,3920
‡∏™‡∏∞‡∏û‡∏≤‡∏ô,3921
43.40,3922
‡∏ß‡∏á‡∏à‡∏£,3923
‡∏õ‡∏∑‡∏î,3924
‡∏ó‡∏∞‡πÄ‡∏ö‡∏µ‡∏¢‡∏ô,3925
‡∏î‡∏≥‡πÄ‡∏ô‡∏¥‡∏ô‡∏Å‡∏≤‡∏£,3926
‡∏î‡∏≥‡πÄ‡∏ô‡∏¥‡∏ô‡∏Ñ‡∏î‡∏µ,3927
‡∏†‡∏≤‡∏£‡∏∞,3928
‡∏û‡πâ‡∏ô‡∏ï‡∏±‡∏ß,3929
‡∏ó‡πà‡∏≠‡∏ô‡πÑ‡∏°‡πâ,3930
‡∏ß‡∏Å,3931
‡∏ä‡πà‡∏≤‡∏á‡πÄ‡∏ñ‡∏≠‡∏∞,3932
‡∏™‡∏Å‡∏¥‡∏•,3933
‡∏ó‡∏ô‡πÑ‡∏°‡πà‡πÑ‡∏´‡∏ß,3934
‡πÄ‡∏•‡πà‡∏´‡πå‡πÄ‡∏´‡∏•‡∏µ‡πà‡∏¢‡∏°,3935
‡∏™‡∏ñ‡∏≤‡∏ö‡∏±‡∏ô‡∏Ñ‡∏£‡∏≠‡∏ö‡∏Ñ‡∏£‡∏±‡∏ß,3936
‡∏™‡∏≠‡∏î‡∏Ñ‡∏•‡πâ‡∏≠‡∏á‡∏Å‡∏±‡∏ô,3937
‡∏ú‡∏õ‡∏Ñ,3938
‡∏™‡∏≠‡∏î‡∏™‡πà‡∏≠‡∏á‡∏î‡∏π‡πÅ‡∏•,3939
‡πÅ‡∏ï‡πà‡∏•‡∏∞‡∏ß‡∏±‡∏ô,3940
‡∏ï‡πâ‡∏≠‡∏á‡∏ï‡∏≤‡∏°,3941
‡∏ï‡∏≤‡∏°‡∏ó‡∏µ,3942
‡∏Ñ‡∏£‡∏±‡∏ß,3943
‡πÅ‡∏Å‡∏£‡πá‡∏Å‡πÜ,3944
‡∏•‡∏∏‡∏Å‡∏Æ‡∏∑‡∏≠,3945
realness,3946
‡∏Å‡∏£‡∏µ‡∏î,3947
‡πÄ‡∏ß‡∏ó‡∏µ,3948
‡∏à‡∏π‡∏á‡∏à‡∏°‡∏π‡∏Å,3949
‡∏°‡∏≠‡∏á‡∏´‡∏ô‡πâ‡∏≤,3950
‡∏Ñ‡∏ô‡πÄ‡∏Ç‡∏µ‡∏¢‡∏ô,3951
‡∏™‡∏°‡∏ö‡∏π‡∏£‡∏ì‡πå,3952
‡∏û‡∏≤‡∏ó,3953
‡∏ö‡∏£‡∏£‡∏¢‡∏≤‡∏¢,3954
‡∏•‡∏∞‡∏≠‡∏≤‡∏¢‡πÉ‡∏à,3955
‡∏£‡∏ß‡∏°‡πÄ‡∏•‡πà‡∏°,3956
‡∏¢‡∏ö‡∏±‡∏ö‡πÄ‡∏ö‡∏¥‡πâ‡∏•,3957
‡∏ô‡∏≤‡∏°‡∏™‡∏Å‡∏∏‡∏•,3958
ü§≠üòÇ,3959
‡∏°‡πà‡∏≠‡∏ô,3960
‡∏™‡∏≥‡πÄ‡∏ô‡∏µ‡∏¢‡∏á,3961
‡∏Å‡∏¥‡∏£‡∏¥‡∏¢‡∏≤,3962
‡∏™‡∏Å‡∏∏‡∏•,3963
‡∏à‡∏∏‡∏î‡∏î‡πâ‡∏≠‡∏¢,3964
‡∏´‡∏±‡∏ß‡πÄ‡∏£‡∏≤‡∏∞‡πÄ‡∏¢‡∏≤‡∏∞,3965
‡∏ö‡∏£‡∏£‡∏¢‡∏≤‡∏Å‡∏≤‡∏®,3966
‡∏ñ‡∏π,3967
‡∏Å‡∏•‡πâ‡∏≠,3968
‡∏¢‡∏¥‡πâ‡∏°‡πÅ‡∏´‡πâ‡∏á,3969
‡∏ô‡∏ô‚Äã,3970
‚Äã‡∏Å‡πâ‡∏≤‚Äã,3971
‡∏≠‚Äã,3972
‡πÅ‡∏ï‡πà‡πÄ‡∏ä‡πâ‡∏≤,3973
‡∏•‡∏∞‡∏Ñ‡∏£‡∏ô‡πâ‡∏≥‡πÄ‡∏ô‡πà‡∏≤,3974
‡∏Ç‡∏∏‡∏ô,3975
‡∏û‡∏£‡∏´‡∏°,3976
‡∏Æ‡∏∏‡∏Å,3977
‡∏ô‡πâ‡∏≥‡πÄ‡∏™‡∏µ‡∏¢‡∏á,3978
!!!‚Äù,3979
‡∏õ‡πâ‡∏∞,3980
‡πÅ‡∏≠‡πä‡∏ß,3981
‡∏ó‡∏π‡∏•,3982
‡∏™‡∏á‡∏Ñ‡∏£‡∏≤‡∏°,3983
‡πÄ‡∏Ç‡πâ‡∏≤‡∏´‡∏≤,3984
‡∏Ñ‡∏ß‡∏≤‡∏°‡πÄ‡∏Å‡πà‡∏á,3985
‡∏ñ‡∏∂‡∏á‡∏Ç‡∏ô‡∏≤‡∏î,3986
‡∏û‡∏≠‡∏Å‡∏±‡∏ö,3987
‡∏Ç‡πâ‡∏≠‡∏î‡∏µ,3988
improve,3989
‡∏°‡∏±‡πà‡∏ô‡πÉ‡∏à‡∏ï‡∏±‡∏ß‡πÄ‡∏≠‡∏á,3990
‡∏°‡∏≠‡∏ö‡∏ï‡∏±‡∏ß,3991
‡∏Ç‡∏≤‡∏¢‡∏´‡∏ô‡πâ‡∏≤,3992
‡∏´‡∏ô‡∏µ‡∏´‡∏≤‡∏¢,3993
‡∏£‡πà‡∏≥,3994
‡∏ï‡∏µ‡∏Å‡∏•‡∏±‡∏ö,3995
‡∏ï‡∏¥‡∏ß,3996
‡∏ï‡∏≤‡∏°‡∏Å‡∏é‡∏´‡∏°‡∏≤‡∏¢,3997
‡∏ó‡∏≤‡∏á‡πÄ‡∏ó‡πâ‡∏≤,3998
‡∏à‡∏±‡∏ö‡πÑ‡∏î‡πâ,3999
‡∏¢‡∏∂‡∏î,4000
‡∏î‡πâ‡∏≤,4001
ü•∞,4002
‡∏≠‡∏∏,4003
‡∏™‡πà‡∏≤,4004
‡∏´‡πå,4005
‡∏´‡∏ô‡∏±‡∏á‡∏ï‡∏•‡∏Å,4006
‡πÅ‡∏Ç‡∏¢‡∏á,4007
‡∏Ç‡∏¢‡∏∞‡∏™‡∏±‡∏á‡∏Ñ‡∏°,4008
‡πÑ‡∏Å,4009
‡∏•‡πâ‡πÜ,4010
‡πÄ‡∏à‡πä‡∏á,4011
‡∏ï‡∏≠‡∏ô‡πÄ‡∏¢‡πá‡∏ô,4012
‡∏´‡∏´‡∏´‡∏´!!!!,4013
‡πÄ‡∏î‡πâ,4014
‡∏Ç‡πâ‡∏≤‡∏ß‡πÄ‡∏¢‡πá‡∏ô,4015
!?,4016
‡∏™‡∏ß,4017
250,4018
‡∏õ‡∏£,4019
‡∏ß‡∏¢‡πÜ,4020
‡∏õ‡∏≤‡∏î,4021
‡∏ß‡∏¥‡∏ñ‡∏µ‡∏ä‡∏≤‡∏ß‡∏ö‡πâ‡∏≤‡∏ô,4022
‡∏≠‡∏Å‡∏ï‡∏±‡∏ç‡∏ç‡∏π,4023
‡∏°‡∏∞‡∏°‡πà‡∏ß‡∏á,4024
‡∏£‡πä‡∏ß‡∏à‡∏à‡∏à‡∏à‡∏à‡∏à‡∏à‡∏à‡∏à‡∏à‡∏à‡∏à‡∏à‡∏à‡∏à,4025
‡∏ú‡∏õ‡∏Ñ.,4026
‡∏•‡πà‡∏ß‡∏á,4027
‡πÄ‡∏Å‡πâ‡∏≤‡∏≠‡∏µ‡πâ,4028
‡πÄ‡πÄ‡∏ô‡πà,4029
‡∏õ‡πà‡∏ß‡∏á,4030
‡∏Ñ‡∏π‡πà‡∏ô‡∏≠‡∏ô,4031
‡∏ñ‡∏∏‡∏á,4032
‡∏ï‡∏¥‡∏î‡πÇ‡∏£‡∏Ñ,4033
‡∏™‡∏≤‡∏£‡∏†‡∏≤‡∏û,4034
‡∏Ñ‡∏ô‡πÄ‡∏•‡∏µ‡πâ‡∏¢‡∏á,4035
‡∏ü‡∏Ñ‡∏á,4036
‡∏°‡∏≤‡∏™‡∏≤‡∏¢,4037
‡πÇ‡∏õ‡πâ‡∏∞,4038
‡πÅ‡∏¢‡∏Å‡∏Å‡∏±‡∏ô,4039
‡∏Ñ‡∏≥‡πÄ‡∏£‡∏µ‡∏¢‡∏Å‡∏£‡πâ‡∏≠‡∏á,4040
‡∏ñ‡∏ô‡∏±‡∏î,4041
‡∏ä‡∏∑‡πà‡∏ô‡∏ä‡∏°,4042
‡∏ä‡∏¢,4043
‡∏Ç‡∏≤‡πÉ‡∏´‡∏ç‡πà,4044
‡∏ô‡πâ‡∏≠‡∏≠‡∏≠‡∏≠,4045
‡∏†‡∏≤‡∏©‡∏≤‡∏°‡∏∑‡∏≠,4046
‡πÄ‡∏°‡∏Ü‡∏´‡∏°‡∏≠‡∏Å,4047
‡∏Ñ‡∏∞‡πÅ‡∏ô‡∏ô,4048
‡∏û‡πâ‡∏≠,4049
‡∏•‡∏π‡∏Å‡∏ä‡∏≤‡∏¢,4050
‡∏û‡∏≤‡∏•‡πÄ‡∏Å‡πÄ‡∏£,4051
‡∏ô‡∏¥‡∏Ñ,4052
‡∏Ç‡∏ß‡∏ö,4053
‡∏•‡∏±‡πà‡∏ô,4054
‡πÑ‡∏ß‡πâ‡∏´‡∏ô‡πâ‡∏≤,4055
‡∏¢‡∏°‡∏ö‡∏≤‡∏•,4056
‡∏ö‡∏¥‡πâ‡∏ß,4057
‡∏à‡∏∏,4058
‡πÅ‡∏°‡πà‡∏¢‡∏Å,4059
‡∏û‡∏£‡∏¥‡∏Å,4060
‡∏õ‡∏£‡∏∞‡∏ñ‡∏°,4061
‡πÅ‡∏°‡∏•‡∏á‡∏ß‡∏±‡∏ô,4062
‡πÄ‡∏£‡∏≤‡∏∞,4063
‡∏´‡∏ô‡πâ‡∏≤‡∏ä‡∏≤,4064
‡∏ù‡∏∑‡∏ô‡∏¢‡∏¥‡πâ‡∏°,4065
‡∏Ç‡∏≤‡∏î‡∏™‡∏ï‡∏¥,4066
‡πÇ‡∏ï‡πâ‡∏ï‡∏≠‡∏ö,4067
‡∏á‡∏Å,4068
‡πÄ‡∏£‡∏ó,4069
‡∏ï‡∏¥‡πâ‡∏á,4070
‡πÄ‡∏Æ‡πâ‡∏≠,4071
‡∏´‡πâ‡∏≠‡∏á‡πÄ‡∏£‡∏µ‡∏¢‡∏ô,4072
‡∏ö‡∏±‡∏ô‡πÄ‡∏ó‡∏¥‡∏á,4073
‡∏ù‡∏≤‡∏Å‡πÑ‡∏ß‡πâ‡∏Å‡πà‡∏≠‡∏ô,4074
‡πÇ‡∏´‡∏•‡∏î,4075
!!!!!!!!,4076
‡∏°‡∏µ‡∏£‡∏∞‡∏ö‡∏ö,4077
‡∏á‡∏õ‡∏é‡∏¥,4078
‡πÄ‡∏û‡∏®‡∏´‡∏ç‡∏¥‡∏á,4079
‡∏ú‡∏π‡πâ‡∏™‡∏∑‡πà‡∏≠‡∏Ç‡πà‡∏≤‡∏ß,4080
‡πÄ‡∏õ‡πâ‡∏≤,4081
‡∏ú‡∏π‡πâ‡∏ö‡∏£‡∏¥‡∏™‡∏∏‡∏ó‡∏ò‡∏¥‡πå,4082
‡πÄ‡∏à‡πâ‡∏≤‡∏´‡∏ô‡πâ‡∏≤‡∏ó‡∏µ‡πà,4083
‡∏à‡∏≥‡πÑ‡∏ß‡πâ,4084
‡∏™‡πà‡∏ß‡∏ô‡∏´‡∏ô‡∏∂‡πà‡∏á,4085
‡∏Ñ‡∏ô‡∏ï‡∏≤‡∏¢,4086
‡∏Ñ‡∏ß‡∏≤‡∏°‡∏î‡∏µ,4087
‡∏ù‡∏π‡∏á,4088
‡πâ,4089
‡∏£‡∏ì‡∏£‡∏á‡∏Ñ‡πå,4090
toeic,4091
600,4092
‡∏™‡∏≠‡∏ö‡∏ú‡πà‡∏≤‡∏ô,4093
‡∏∑‡∏¢,4094
‡∏£‡∏ï‡∏¥,4095
‡∏¢‡πà‡∏≠,4096
‡∏™‡∏µ‡∏™‡∏±‡∏ô,4097
‡∏•‡∏î‡∏ô‡πâ‡∏≠‡∏¢‡∏•‡∏á,4098
‡∏®‡∏±‡∏û‡∏ó‡πå‡πÄ‡∏â‡∏û‡∏≤‡∏∞,4099
‡∏´‡∏±‡∏ß‡πÇ‡∏ö‡∏£‡∏≤‡∏ì,4100
‡∏™‡∏°‡∏¢‡∏≠‡∏°,4101
‡∏•‡∏±‡∏ö‡∏ï‡∏≤‡∏Ñ‡∏ô,4102
‡πÄ‡∏Å‡∏£‡∏≤‡∏∞,4103
munich,4104
‡πÄ‡∏´‡πá‡∏ö,4105
‡πÄ‡∏´‡∏•‡∏∑‡∏≠‡∏ö,4106
‡πÄ‡∏ö‡∏ö‡∏µ‡πã‡∏Ñ‡∏ô,4107
netflix,4108
k,4109
‡∏à‡∏£‡∏¥‡∏á ‡πÜ,4110
‡∏•‡πá‡∏≠‡∏Å,4111
‡πÄ‡∏≠‡∏≤‡∏ó‡πå,4112
‡∏≠‡∏ô‡∏¥‡πÄ‡∏°‡∏∞,4113
‡πÄ‡∏ô‡∏∑‡πâ‡∏≠‡πÄ‡∏£‡∏∑‡πà‡∏≠‡∏á,4114
‡∏Å‡∏¥‡∏ô‡πÉ‡∏à,4115
‡∏à‡∏∂‡∏Å,4116
‡∏ô‡∏¥‡∏ß‡∏ã‡∏µ‡πÅ‡∏•‡∏ô‡∏î‡πå,4117
‡∏ï‡∏±‡πâ‡∏á‡∏â‡∏≤‡∏¢‡∏≤,4118
‡∏•‡∏á‡∏´‡∏¥‡∏ô,4119
innisfree,4120
‡πÄ‡∏ä‡∏µ‡∏¢‡∏á‡πÉ‡∏´‡∏°‡πà,4121
‡πÄ‡∏ã‡πá‡∏ô‡∏ó‡∏£‡∏±‡∏•,4122
‡∏Ñ‡∏ô‡∏≠‡∏∑‡πà‡∏ô‡πÜ,4123
‡∏ô‡∏±‡∏¢,4124
‡∏û‡∏∂‡πà‡∏á‡∏û‡∏≤,4125
‡∏°‡∏≤‡∏ï‡∏£‡∏ê‡∏≤‡∏ô,4126
‡∏Å‡∏≤‡∏£‡πÄ‡∏£‡∏µ‡∏¢‡∏ô‡∏£‡∏π‡πâ,4127
‡∏ô‡∏¥‡πà‡∏á‡∏ô‡∏≠‡∏ô‡πÉ‡∏à,4128
‡∏õ‡πä‡∏≤,4129
‡∏ä‡∏ô,4130
‡∏û‡∏•‡∏π‡πÇ‡∏ï,4131
‡∏õ‡∏µ‡∏ô,4132
‡∏ö‡∏±‡∏ô‡πÑ‡∏î,4133
‡∏Å‡∏õ‡∏¥‡πä‡∏Å,4134
‡∏°‡∏∏‡∏ï‡∏∞,4135
iphonex,4136
‡∏´‡∏¢‡∏¥‡∏ö,4137
‡∏ó‡∏±‡πâ‡∏á‡∏Ñ‡∏∑‡∏ô,4138
‡πÄ‡∏≠‡∏∑‡∏≠‡∏°,4139
‡∏ô‡∏≠‡∏Å‡πÉ‡∏à,4140
‡πÉ‡∏ô‡∏Ñ‡∏ß‡∏≤‡∏°‡πÄ‡∏õ‡πá‡∏ô‡∏à‡∏£‡∏¥‡∏á,4141
‡πÄ‡∏Å‡∏¥‡∏î‡πÄ‡∏£‡∏∑‡πà‡∏≠‡∏á,4142
‡πÄ‡∏û‡πâ‡∏≠‡∏ù‡∏±‡∏ô,4143
‡πÄ‡∏Ç‡πâ‡∏≤‡πÉ‡∏à‡∏ú‡∏¥‡∏î,4144
ryzhik,4145
‡πÄ‡∏à‡πâ‡∏≤‡∏´‡∏±‡∏ß,4146
‡∏Ç‡∏¥‡∏á,4147
‡∏£‡∏±‡∏™‡πÄ‡∏ã‡∏µ‡∏¢,4148
‡∏õ‡∏•‡πà‡∏≠‡∏¢‡∏ó‡∏¥‡πâ‡∏á,4149
‡∏≠‡∏∏‡∏ì‡∏´‡∏†‡∏π‡∏°‡∏¥,4150
40,4151
‡∏≠‡∏á‡∏®‡∏≤,4152
‡∏ä‡πà‡∏ß‡∏¢‡∏ä‡∏µ‡∏ß‡∏¥‡∏ï,4153
‡πÄ‡∏ó‡∏µ‡∏¢‡∏°,4154
‡∏á‡∏∑‡πâ‡∏≠‡∏≠,4155
‡∏≠‡∏∏‡πâ‡∏á‡πÄ‡∏ó‡πâ‡∏≤,4156
‡∏à‡∏¥‡πã‡∏ß,4157
‡πÑ‡∏ß‡∏£‡∏±‡∏™,4158
‡∏™‡∏≤‡∏´‡∏±‡∏™,4159
‡∏ä‡∏¥‡∏ß‡πÜ,4160
‡∏ï‡∏≤‡∏•,4161
‡πÄ‡∏£‡πà‡∏á,4162
‚úåÔ∏è,4163
‡∏°‡πâ‡∏≤,4164
‡∏¢‡∏π‡∏ô‡∏¥‡∏Ñ‡∏≠‡∏£‡πå‡∏ô,4165
‡πÄ‡∏ß‡∏ó‡∏°‡∏ô‡∏ï‡∏£‡πå,4166
‡∏õ‡∏¥‡∏î‡πÄ‡∏ó‡∏≠‡∏°,4167
disney,4168
and,4169
pixar,4170
s,4171
onward,4172
‡∏°‡∏µ‡∏ô‡∏≤‡∏Ñ‡∏°,4173
‡πÄ‡∏°‡πÄ‡∏à‡∏≠‡∏£‡πå,4174
‡∏ã‡∏µ‡∏ô‡∏µ‡πÄ‡∏û‡∏•‡πá‡∏Å‡∏ã‡πå,4175
‡∏â‡∏±‡∏ö‡πÜ,4176
‡∏™‡∏µ‡∏´‡∏ô‡πâ‡∏≤,4177
‡∏£‡∏∞,4178
‡πÄ‡∏≠‡πá‡∏Å,4179
‡πÄ‡∏´‡∏á‡∏≤‡∏´‡∏á‡∏≠‡∏¢,4180
‡∏´‡∏¢‡πà‡∏≤‡∏Å‡∏±‡∏ô,4181
‡∏ñ‡∏π‡∏Å‡∏ï‡πâ‡∏≠‡∏á‡∏ï‡∏≤‡∏°‡∏Å‡∏é‡∏´‡∏°‡∏≤‡∏¢,4182
‡∏°‡∏µ‡πà,4183
?!,4184
‡πÄ‡∏á‡∏¥‡∏ô‡∏Ñ‡πà‡∏≤‡∏à‡πâ‡∏≤‡∏á,4185
‡πÄ‡∏õ‡πá‡∏ô‡∏û‡∏¥‡πÄ‡∏®‡∏©,4186
‡πÄ‡∏´‡∏°‡πá‡∏ô,4187
‡∏õ‡πä‡∏≤‡∏ö,4188
‡∏û‡∏∏‡∏î,4189
‡πÄ‡∏õ‡∏ô‡∏Ñ‡∏ô,4190
‡∏£‡∏°,4191
‡πÇ‡∏°‡∏à‡∏¥,4192
‡∏´‡∏°‡∏µ,4193
apex,4194
‡πÄ‡∏ï‡∏µ‡πâ‡∏¢,4195
‡∏™‡∏°‡∏£,4196
‡πÄ‡∏•‡∏∑‡πà‡∏≠‡∏ô‡∏ï‡∏≥‡πÅ‡∏´‡∏ô‡πà‡∏á,4197
‡∏ß‡∏±‡∏á‡∏´‡∏•‡∏ß‡∏á,4198
   ,4199
‡∏™‡∏•‡∏ö,4200
‡∏ñ‡∏µ‡∏ö,4201
‡∏ã‡∏¥‡πà,4202
‡∏á!!,4203
‡∏ß‡πà‡∏≤‡πÅ‡∏•‡πâ‡∏ß,4204
‡∏Ñ‡∏ß‡∏≤‡∏°‡∏Ç‡∏±‡∏î‡πÅ‡∏¢‡πâ‡∏á,4205
‡∏≠‡∏á‡∏Ñ‡πå‡∏Å‡∏£,4206
‡∏Å‡∏£‡∏≤‡∏ö‡πÑ‡∏´‡∏ß‡πâ,4207
‡∏ï‡∏∞‡∏õ‡∏π,4208
‡πÇ‡∏î‡∏ô‡πÉ‡∏à,4209
‡∏Å‡∏£‡∏∞‡∏î‡∏∏,4210
‡∏≠‡∏±‡∏û,4211
‡πÅ‡∏≠‡∏ô,4212
‡∏´‡∏µ‡∏ö,4213
‡πÄ‡∏´‡∏•‡πá‡∏Å,4214
‡πÄ‡∏î‡∏¥‡∏ô‡∏ú‡πà‡∏≤‡∏ô,4215
‡∏ú‡∏¥‡∏î‡πÅ‡∏õ‡∏•‡∏Å,4216
‡∏ï‡πà‡∏≠‡∏£‡∏≠‡∏á,4217
‡∏õ‡∏ß‡∏á,4218
‡∏´‡∏•‡∏≤‡∏¢‡πÄ‡∏ï‡∏¥‡∏ö,4219
‡πÄ‡∏î‡∏∞,4220
‡∏á‡∏∂‡∏î,4221
‡∏´‡∏•‡∏µ,4222
‡πÑ‡∏î‡πã,4223
‡∏ú‡∏∏,4224
‡πÄ‡∏õ‡∏µ‡πã‡∏¢‡∏á,4225
‡∏Æ‡∏π‡πâ,4226
‡∏ï‡∏¥‡∏î‡∏Ñ‡∏≠,4227
‡∏™‡∏°‡∏≤‡∏™,4228
‡∏•‡πà‡∏≤‡∏°,4229
‡∏Å‡πÜ,4230
‡∏ã‡∏±‡∏û,4231
‡πÄ‡πÄ‡∏û‡πâ,4232
‡πÅ‡∏£‡∏î,4233
‡∏ï‡∏Å‡∏Ç‡πà‡∏≤‡∏ß,4234
‡∏ï‡∏±‡∏á‡∏Ñ‡πå,4235
‡∏ß‡∏¥‡∏™‡∏±‡∏¢,4236
‡∏°‡∏¥‡∏™,4237
‡∏à‡∏∑‡∏î,4238
‡∏õ‡∏£‡∏¥‡∏ç‡∏ç‡∏≤,4239
‡∏™‡∏¥‡∏ß,4240
‡πÑ‡∏ó‡∏¢‡πÅ‡∏•‡∏ô‡∏î‡πå,4241
‡πÄ‡∏Å‡∏£‡∏¥‡πà‡∏ô,4242
‡∏î‡∏π‡∏á‡∏≤‡∏ô,4243
‡∏Å‡∏≤‡∏£‡∏•‡πâ‡∏°,4244
‡∏≠‡πà‡∏≠‡∏¢,4245
‡πÄ‡∏Å‡∏¥‡πâ‡∏•,4246
‡πÄ‡∏ö‡∏µ‡∏¢‡∏£‡πå,4247
‡∏ô‡πá‡∏≠‡∏Ñ,4248
‡∏Ñ‡∏ß‡∏≤‡∏°‡∏≠‡∏î‡∏ó‡∏ô,4249
‡∏õ‡∏≤‡∏Å‡πÑ‡∏°‡πà‡∏°‡∏µ‡∏´‡∏π‡∏£‡∏π‡∏î,4250
‡∏õ‡∏•‡∏∏‡∏Å,4251
‡∏Ç‡∏≠‡∏ö‡∏û‡∏£‡∏∞‡∏Ñ‡∏∏‡∏ì,4252
‡∏ß‡∏π,4253
‡∏ß‡∏π‡∏õ,4254
‡∏ï‡∏∏,4255
‡∏à‡∏¥‡∏ï‡πÅ‡∏û‡∏ó‡∏¢‡πå,4256
‡∏Å‡∏µ‡∏ï‡πâ‡∏≤‡∏£‡πå,4257
‡∏Ñ‡∏≠‡∏£‡πå‡∏î,4258
‡πÅ‡∏ö‡∏á‡∏Ñ‡πå,4259
‡∏ô‡πâ‡∏∞,4260
‡∏•‡πâ‡∏∞,4261
‡πÄ‡∏á‡∏≤,4262
‡∏´‡∏•‡∏±‡∏Å,4263
‡∏ó‡∏≤‡∏á‡∏Å‡∏≤‡∏£‡πÅ‡∏û‡∏ó‡∏¢‡πå,4264
‡∏ó‡∏≤‡∏á‡∏ï‡∏£‡∏á,4265
‡∏ô‡πÇ‡∏¢‡∏ö‡∏≤‡∏¢,4266
‡∏Ç‡∏±‡∏î‡πÅ‡∏¢‡πâ‡∏á,4267
‡∏Ñ‡∏ß‡∏≤‡∏°‡πÄ‡∏õ‡πá‡∏ô‡∏à‡∏£‡∏¥‡∏á,4268
‡πÄ‡∏Ç‡∏¢‡πà‡∏á,4269
‡πÑ‡∏≠‡πÄ‡∏™‡∏µ‡∏¢,4270
‡πÄ‡∏ö‡∏¥‡πâ‡∏•,4271
‡∏Ñ‡∏•‡∏∏‡πâ‡∏á,4272
‡πÅ‡∏°‡πà‡∏Ñ‡πâ‡∏≤,4273
‡πÑ‡∏Å‡πà‡∏¢‡πà‡∏≤‡∏á,4274
‡∏Ç‡πâ‡∏≤‡∏ß‡πÇ‡∏û‡∏î,4275
‡πÑ‡∏Ç‡πà,4276
‡∏™‡∏≤‡∏£‡∏û‡∏±‡∏î,4277
‡∏Ñ‡∏ô‡∏Ç‡∏≤‡∏¢‡∏Ç‡∏≠‡∏á,4278
‡∏™‡∏π‡∏ö‡∏ö‡∏∏‡∏´‡∏£‡∏µ‡πà,4279
‡∏°‡∏≠‡πÑ‡∏ã‡∏Ñ‡πå,4280
‡∏Ñ‡∏ß‡∏±‡∏ô‡∏û‡∏¥‡∏©,4281
‡∏ñ‡∏µ‡∏ö‡∏à‡∏±‡∏Å‡∏£‡∏¢‡∏≤‡∏ô,4282
‡πÄ‡∏•‡∏¥‡∏®‡∏´‡∏£‡∏π,4283
‡πÄ‡∏õ‡πâ,4284
‡∏Å‡∏©‡∏±‡∏ï‡∏£‡∏¥‡∏¢‡πå,4285
‡πÇ‡∏ã‡∏î‡∏≤,4286
‡πÄ‡∏™‡∏µ‡∏¢‡∏´‡∏≤‡∏¢,4287
‡∏Ñ‡∏ô‡∏Ñ‡∏£‡∏±‡∏ß,4288
‡∏Å‡∏•‡∏≤‡∏Å,4289
‡πÄ‡∏Å‡∏•‡∏∑‡πâ‡∏≠‡∏ô,4290
‡πÄ‡∏Ç‡πâ‡∏≤‡∏Ñ‡∏£‡∏±‡∏ß,4291
‡∏ó‡∏∞‡∏•‡∏∏,4292
‡∏™‡∏¢‡∏≤‡∏°,4293
‡∏ä‡∏∏‡∏î‡∏ô‡∏±‡∏Å‡πÄ‡∏£‡∏µ‡∏¢‡∏ô,4294
26,4295
thegiftedseries,4296
‡∏ä‡∏∏‡∏î‡∏ô‡∏±‡∏Å‡∏®‡∏∂‡∏Å‡∏©‡∏≤,4297
‡πÅ‡∏à‡πà‡∏°,4298
‡∏ù‡∏±‡∏ô,4299
‡∏´‡πâ‡∏≠‡∏á‡∏û‡∏±‡∏Å,4300
‡πÄ‡∏•‡∏µ‡πâ‡∏¢‡∏á‡∏Ç‡πâ‡∏≤‡∏ß,4301
‡∏Å‡∏£‡∏∞‡∏ó‡∏∞,4302
‡πÄ‡∏ó‡∏®‡∏ô‡πå,4303
social,4304
‡∏ã‡∏∏‡πà‡∏°,4305
‡∏™‡∏¥‡∏á,4306
‡∏≠‡∏∂‡∏Å,4307
socool,4308
‡∏Å‡πà‡∏≠‡∏Å‡∏≤‡∏£,4309
‡∏£‡∏±‡∏î‡∏Å‡∏∏‡∏°,4310
‡πÑ‡∏Æ‡πÄ‡∏ó‡∏Ñ,4311
‡∏ñ‡∏±‡∏á,4312
‡∏™‡∏π‡∏ç‡πÄ‡∏õ‡∏•‡πà‡∏≤,4313
sm,4314
‡∏û‡∏±‡∏ô‡∏ò‡∏∏‡∏Å‡∏£‡∏£‡∏°,4315
‡∏û‡πà‡∏≠‡∏Ñ‡πâ‡∏≤,4316
‡∏ô‡∏≤‡∏¢‡∏ó‡∏∏‡∏ô,4317
‡∏Å‡∏î‡∏Ç‡∏µ‡πà‡∏Ç‡πà‡∏°‡πÄ‡∏´‡∏á,4318
‡∏£‡∏≤‡∏©‡∏é‡∏£,4319
‡πÄ‡∏≠‡πä‡∏¢,4320
‡∏Å‡∏±‡∏ô‡∏•‡∏≠‡∏á,4321
‡πÄ‡∏™‡∏µ‡πà‡∏¢‡∏á‡∏ó‡∏≤‡∏¢,4322
‡∏õ‡∏µ‡πä,4323
‡∏ó‡∏≥‡∏ô‡∏≤‡∏¢,4324
youtube,4325
gmmtv,4326
‡πÇ‡∏õ‡∏£,4327
‡πÄ‡∏û‡∏µ‡πä‡∏¢‡∏∞,4328
‡∏•‡∏∏‡∏Å‡∏Ç‡∏∂‡πâ‡∏ô,4329
‡∏ß‡∏µ‡∏ô,4330
‡∏ü‡∏∑‡πâ‡∏ô,4331
‡∏£‡∏û.,4332
‡πÄ‡∏¢‡∏µ‡πà‡∏¢‡∏ß,4333
‡∏•‡∏Å,4334
5555555555555555555,4335
‡∏Å‡∏±‡∏°‡∏û‡∏π‡∏ä‡∏≤,4336
‡∏ù‡∏∂‡∏Å‡∏ù‡∏ô,4337
‡πÑ‡∏Ñ,4338
‡∏ß‡πà,4339
‡∏û‡∏£‡∏¥‡πâ‡∏ß,4340
‡∏û‡∏≤‡∏Å‡πÄ‡∏û‡∏µ‡∏¢‡∏£,4341
‡∏ñ‡∏∏‡∏á‡∏¢‡∏≤‡∏á,4342
cdc,4343
‡∏Å‡∏≤‡∏£‡∏™‡∏±‡∏°‡∏ú‡∏±‡∏™,4344
‡∏£‡∏≠‡∏¢,4345
‡∏™‡πÄ‡∏õ‡∏¥‡∏£‡πå‡∏°,4346
‡∏á‡∏≤‡∏ô‡∏ß‡∏¥‡∏à‡∏±‡∏¢,4347
guideline,4348
‡πÄ‡∏ß‡πá‡∏ö,4349
‡∏°‡∏∑‡∏≠‡∏≠‡∏≤‡∏ä‡∏µ‡∏û,4350
‡πÄ‡∏ó‡∏≠‡∏°,4351
bnk,4352
48,4353
‡∏û‡∏¢‡∏≤‡∏ô,4354
‡∏´‡∏±‡∏ß‡∏´‡∏ô‡πâ‡∏≤‡∏Ñ‡∏£‡∏≠‡∏ö‡∏Ñ‡∏£‡∏±‡∏ß,4355
üê≠üíöüåà,4356
#‡πÄ‡∏ö‡∏ö‡∏µ‡πã,4357
‡∏à‡πâ‡∏≠‡∏á‡∏à‡∏±‡∏ö‡∏ú‡∏¥‡∏î,4358
‡πÑ‡∏ñ,4359
‡∏õ‡πà‡∏ô,4360
‡∏ô‡∏∏‡πà‡∏°,4361
‡∏Å‡πâ‡∏≤‡∏á,4362
‡πÇ‡∏≠‡πâ‡∏ß,4363
‡∏Ñ‡∏¥‡∏î‡∏î‡∏π,4364
‡πÑ‡∏°‡πà‡πÄ‡∏õ‡πá‡∏ô‡∏≠‡∏±‡∏ô,4365
‡∏°‡∏µ‡∏ô,4366
‡∏Æ‡πà‡∏∞,4367
‡∏ú‡∏π‡πâ‡∏ä‡∏°,4368
‡πÅ‡∏™‡∏ô‡∏£‡∏π‡πâ,4369
‡∏ó‡∏≤‡∏á‡∏ß‡∏¥‡∏ó‡∏¢‡∏≤‡∏®‡∏≤‡∏™‡∏ï‡∏£‡πå,4370
‡∏ó‡∏µ‡πà‡∏ô‡∏≤,4371
‡∏™‡∏†‡∏≤,4372
‡∏ã‡∏π‡∏ä‡∏¥,4373
‡πÇ‡∏õ‡∏£‡πÅ‡∏Å‡∏£‡∏°,4374
‡∏≠‡πä‡∏≠‡∏á,4375
‡∏ó‡∏≥‡∏ï‡πà‡∏≠,4376
‡πÄ‡∏≠‡πâ‡∏≤!,4377
ü§¨ü§¨ü§¨ü§¨,4378
‡πÄ‡∏ä‡∏∑‡πâ‡∏≠,4379
‡∏Ñ‡∏ß‡∏≤‡∏°‡πÄ‡∏õ‡πá‡∏ô‡∏°‡∏ô‡∏∏‡∏©‡∏¢‡πå,4380
‡∏ó‡πâ‡∏≠,4381
‡∏ô‡∏ß‡∏•,4382
‡∏™‡∏á‡∏ß‡∏ô,4383
‡∏¢‡∏±‡∏ö‡∏¢‡∏±‡πâ‡∏á‡∏ä‡∏±‡πà‡∏á‡πÉ‡∏à,4384
‡πÄ‡∏™‡∏≤,4385
‡∏£‡∏π‡πâ‡πÅ‡∏•‡πâ‡∏ß‡∏£‡∏π‡πâ‡∏£‡∏≠‡∏î,4386
‡πÄ‡∏£‡∏µ‡∏¢‡∏ô‡∏û‡∏¥‡πÄ‡∏®‡∏©,4387
‡∏Ñ‡∏•‡∏¥‡∏ô‡∏¥‡∏Å,4388
‡∏Ñ‡∏ô‡∏à‡∏±‡∏ç‡πÑ‡∏£,4389
‡∏ô‡πà‡∏≤‡∏´‡∏°‡∏±‡πà‡∏ô‡πÑ‡∏™‡πâ,4390
‡πÄ‡∏Ñ‡∏£‡∏∑‡πà‡∏≠‡∏á‡∏°‡∏∑‡∏≠,4391
‡πÑ‡∏£‡∏ú‡∏°,4392
‡∏´‡∏°‡∏¥‡πà‡∏ô‡∏õ‡∏£‡∏∞‡∏°‡∏≤‡∏ó,4393
‡∏î‡∏≠‡∏ó,4394
‡∏Ñ‡∏ß‡∏≤‡∏°‡∏¢‡∏∏‡πà‡∏á‡∏¢‡∏≤‡∏Å,4395
‡∏Å‡∏≤‡∏£‡∏õ‡∏Å‡∏õ‡πâ‡∏≠‡∏á,4396
‡∏ú‡∏¥‡∏ß,4397
‡πÄ‡∏Ñ‡∏£‡∏∑‡πà‡∏≠‡∏á‡πÅ‡∏ï‡πà‡∏á‡∏Å‡∏≤‡∏¢,4398
‡∏ó‡∏±‡∏ô‡∏ó‡∏µ‡∏ó‡∏µ‡πà,4399
‡πÄ‡∏ô‡∏∑‡πâ‡∏≠‡∏ú‡πâ‡∏≤,4400
‡∏£‡∏∞‡∏ö‡∏≤‡∏¢‡∏≠‡∏≤‡∏Å‡∏≤‡∏®,4401
‡πÅ‡∏î‡∏î,4402
‡∏ß‡∏¥‡∏ô‡∏≤‡∏ó‡∏µ,4403
‡∏ö‡∏±‡∏ç‡∏ä‡∏µ,4404
‡∏≠‡∏µ‡∏Å‡∏ï‡πà‡∏≠‡πÑ‡∏õ,4405
‡∏™‡∏π‡∏ó,4406
tatayvon,4407
‡∏Ñ‡∏≤‡∏ô,4408
mv,4409
‡∏°‡∏∞‡∏ô‡∏≤‡∏ß,4410
‡∏ö‡∏ß‡∏°‡∏ô‡πâ‡∏≥,4411
‡∏™‡πâ‡∏á,4412
‡πÄ‡∏ã‡∏µ‡πà‡∏¢‡∏á‡πÑ‡∏Æ‡πâ,4413
‡∏´‡∏°‡∏¥‡∏á,4414
‡∏ñ‡πà‡∏ß‡∏á,4415
‡∏ú‡∏π‡πà,4416
‡∏™‡∏£‡∏∞‡∏ß‡πà‡∏≤‡∏¢‡∏ô‡πâ‡∏≥,4417
‡∏û‡∏£‡∏µ‡πÄ‡∏ã‡∏ô‡πÄ‡∏ï‡∏≠‡∏£‡πå,4418
‡∏õ‡∏•‡∏±‡πä‡∏Å,4419
‡∏≠‡∏∞‡πÑ‡∏£‡∏Å‡πá‡∏ï‡∏≤‡∏°,4420
‡πÄ‡∏™‡∏¥‡∏£‡πå‡∏ä,4421
‡∏≠‡∏¥‡∏ô‡πÄ‡∏ó‡∏≠‡∏£‡πå‡πÄ‡∏ô‡πá‡∏ï,4422
‡∏™‡∏∏‡∏Ç‡∏†‡∏≤‡∏û,4423
‡πÑ,4424
‡∏°‡πà,4425
‡∏ï‡∏∞‡πÇ‡∏Å‡∏ô,4426
‡∏Ñ‡∏≤‡∏£‡∏≤‡πÄ‡∏°‡∏•,4427
‡∏°‡∏±‡∏Ñ,4428
‡πÄ‡∏Ñ‡∏µ‡∏¢,4429
‡πÄ‡∏Ñ‡∏≤,4430
‡∏õ‡∏£‡∏∞‡∏ä‡∏≤‡∏™‡∏±‡∏°‡∏û‡∏±‡∏ô‡∏ò‡πå,4431
‡∏ó‡∏±‡∏°,4432
‡∏°‡∏±‡∏¢,4433
‡∏´‡∏≤‡∏á‡πÄ‡∏™‡∏µ‡∏¢‡∏á,4434
‡∏´‡∏∏‡∏ö‡∏õ‡∏≤‡∏Å,4435
‡∏™‡∏ô‡∏≠‡∏á,4436
need,4437
‡∏ú‡∏π‡πâ‡∏Å‡∏≥‡∏Å‡∏±‡∏ö,4438
‡πÄ‡∏Ç‡πâ‡∏≤‡∏Ç‡∏±‡πâ‡∏ô,4439
‡∏®‡∏£‡∏µ‡∏ò‡∏±‡∏ç‡∏ç‡∏≤,4440
‡πÉ‡∏ô‡πÅ‡∏á‡πà,4441
‡∏®‡∏£‡∏±‡∏ó‡∏ò‡∏≤,4442
‡πÄ‡∏à‡∏µ‡πâ‡∏¢,4443
‡∏ß‡∏à‡∏≤,4444
‡∏Ñ‡∏≥‡πÅ‡∏ñ‡∏•‡∏á,4445
‡πÄ‡∏õ‡πá‡∏ô‡∏ó‡∏≤‡∏á‡∏Å‡∏≤‡∏£,4446
‡πÄ‡∏™‡∏µ‡∏¢‡πÄ‡∏ß‡∏•‡∏≤,4447
‡πÉ‡∏à‡∏ï‡πà‡∏≥,4448
‡∏î‡∏≠‡∏Å‡∏ó‡∏≠‡∏á,4449
judge,4450
‡πÅ‡∏™‡∏£‡πâ‡∏á‡∏ó‡∏≥,4451
‡∏â‡∏¥‡∏ö‡∏´‡∏≤‡∏¢,4452
‡∏≠‡∏ß‡∏Å‡∏≤‡∏®,4453
‡∏û‡∏∑‡πâ‡∏ô‡∏ú‡∏¥‡∏ß,4454
‡∏≠‡∏≠‡∏Å‡∏ã‡∏¥‡πÄ‡∏à‡∏ô,4455
‡∏û‡∏≠‡πÉ‡∏´‡πâ,4456
‡∏ó‡∏∏‡∏Å‡∏™‡∏¥‡πà‡∏á‡∏ó‡∏∏‡∏Å‡∏≠‡∏¢‡πà‡∏≤‡∏á,4457
)‚Äã,4458
‡∏™‡∏¥‡πà‡∏á‡∏à‡∏≥‡πÄ‡∏õ‡πá‡∏ô,4459
‡∏õ‡∏±‡∏à‡πÄ‡∏à‡∏Å‡∏ä‡∏ô,4460
‡∏™‡∏≤‡∏ò‡∏≤‡∏£‡∏ì‡∏™‡∏∏‡∏Ç,4461
‡∏™‡∏∂‡∏Å,4462
‡∏õ‡∏•‡∏≤‡∏™‡∏•‡∏¥‡∏î,4463
‡∏ï‡∏≠‡∏ô‡∏Å‡∏•‡∏≤‡∏á‡∏ß‡∏±‡∏ô,4464
‡∏Å‡∏™‡∏°,4465
‡∏ö‡∏£‡∏¥‡∏Å‡∏≤‡∏£,4466
‡∏ã‡∏µ‡πÄ‡∏£‡∏µ‡∏¢‡∏™,4467
‡∏Æ‡∏≠‡∏£‡πå‡πÇ‡∏°‡∏ô,4468
‡∏´‡∏£‡∏∑‡∏≠‡∏õ‡∏•‡πà‡∏≤‡∏ß,4469
‡∏ï‡∏≤‡∏ñ‡∏±‡πà‡∏ß,4470
‡∏ß‡πâ‡∏≤‡∏¢,4471
‡πÄ‡∏õ‡πá‡∏ô‡∏ó‡∏µ‡πà‡∏£‡∏±‡∏ö‡∏£‡∏π‡πâ,4472
